sourceCode,sourceName,sourceGrouping,sourceRegion,sourceLat,sourceLong,destCode,destName,destGrouping,destRegion,destLat,destLong,year,totalTons,cereals,roots,sugarCrops,pulses,nuts,oilCrops,vegetables,fruits,fibers,spices,fodderCrops,coffeeTea,tobaccoRubber,oilsFats,beverages,livestock,animalMeats,animalProducts,animalHides,nimalOther,pesticides,fertilizers,machinery
RU,Russian Federation,country,Europe and Central Asia,61.52401,105.318756,AF,Afghanistan,country,South Asia,33.93911,67.709953,2013,15595,17,0,0,0,0,0,0,0,0,0,0,0,0,15576,0,0,0,2,0,0,0,0,0
RU,Russian Federation,country,Europe and Central Asia,61.52401,105.318756,AL,Albania,country,Europe and Central Asia,41.153332,20.168331,2013,172085,172068,0,0,0,0,0,0,0,0,0,0,0,10,0,7,0,0,0,0,0,0,0,0
RU,Russian Federation,country,Europe and Central Asia,61.52401,105.318756,DZ,Algeria,country,Middle East and North Africa,28.033886,1.659626,2013,90940,34195,0,0,88,0,0,0,0,0,0,0,0,731,55875,51,0,0,0,0,0,0,0,0
RU,Russian Federation,country,Europe and Central Asia,61.52401,105.318756,AR,Argentina,country,Latin America and the Caribbean,-38.416097,-63.616672,2013,165,0,0,0,0,0,0,165,0,0,0,0,0,0,0,0,0,0,0,0,0,0,0,0
RU,Russian Federation,country,Europe and Central Asia,61.52401,105.318756,AM,Armenia,country,Europe and Central Asia,40.069099,45.038189,2013,270979,215179,8,1257,1298,1157,1963,538,445,0,14,616,4406,5234,19405,16932,266,700,1688,0,139,0,0,0
RU,Russian Federation,country,Europe and Central Asia,61.52401,105.318756,AW,Aruba,country,Latin America and the Caribbean,12.52111,-69.968338,2013,62459,25443,102,1028,24,113,22,373,340,0,4,1419,1321,2020,1482,18843,0,3038,6887,0,0,0,0,0
RU,Russian Federation,country,Europe and Central Asia,61.52401,105.318756,AU,Australia,country,East Asia and Pacific,-25.274398,133.775136,2013,1640,13,0,61,0,13,4,5,22,0,0,0,325,3,342,852,0,0,0,0,0,0,0,0
RU,Russian Federation,country,Europe and Central Asia,61.52401,105.318756,AT,Austria,country,Europe and Central Asia,47.516231,14.550072,2013,50620,17172,0,0,27643,0,4262,13,221,0,338,0,0,21,552,398,7,0,0,0,0,0,0,0
RU,Russian Federation,country,Europe and Central Asia,61.52401,105.318756,AZ,Azerbaijan,country,Europe and Central Asia,40.143105,47.576927,2013,947829,760228,34448,10395,464,1082,11716,1748,907,0,69,23615,14235,20234,34946,22200,15727,1906,9636,0,0,0,0,0
RU,Russian Federation,country,Europe and Central Asia,61.52401,105.318756,BS,The Bahamas,country,Latin America and the Caribbean,25.03428,-77.39628,2013,1,0,0,0,0,0,0,0,0,0,0,0,0,0,0,1,0,0,0,0,0,0,0,0
RU,Russian Federation,country,Europe and Central Asia,61.52401,105.318756,BH,Bahrain,country,Middle East and North Africa,25.930414,50.637772,2013,502,0,0,0,0,0,0,0,0,0,0,0,0,0,0,502,0,0,0,0,0,0,0,0
RU,Russian Federation,country,Europe and Central Asia,61.52401,105.318756,BD,Bangladesh,country,South Asia,23.684994,90.356331,2013,267722,267401,0,0,0,0,229,0,0,0,0,0,0,0,89,3,0,0,0,0,0,0,0,0
RU,Russian Federation,country,Europe and Central Asia,61.52401,105.318756,BY,Belarus,country,Europe and Central Asia,53.709807,27.953389,2013,504027,68060,800,10039,1167,339,7346,11541,46860,2522,440,52911,22688,52658,53456,148591,1128,1997,22593,0,19,0,0,0
RU,Russian Federation,country,Europe and Central Asia,61.52401,105.318756,BE,Belgium,country,Europe and Central Asia,50.503887,4.469936,2013,242592,13029,0,15592,0,0,204073,158,174,0,0,9131,0,98,0,337,3,0,0,0,0,0,0,0
RU,Russian Federation,country,Europe and Central Asia,61.52401,105.318756,BZ,Belize,country,Latin America and the Caribbean,17.189877,-88.49765,2013,8391,8391,0,0,0,0,0,0,0,0,0,0,0,0,0,0,0,0,0,0,0,0,0,0
RU,Russian Federation,country,Europe and Central Asia,61.52401,105.318756,BJ,Benin,country,Sub-Saharan Africa,9.30769,2.315834,2013,25,0,0,0,0,0,0,0,0,0,0,0,0,0,0,0,0,25,0,0,0,0,0,0
RU,Russian Federation,country,Europe and Central Asia,61.52401,105.318756,BA,Bosnia & Herzegovina,country,Europe and Central Asia,43.915886,17.679076,2013,26,0,0,4,0,0,0,0,0,0,0,22,0,0,0,0,0,0,0,0,0,0,0,0
RU,Russian Federation,country,Europe and Central Asia,61.52401,105.318756,BR,Brazil,country,Latin America and the Caribbean,-14.235004,-51.92528,2013,3434,2976,21,0,0,0,0,0,0,0,0,0,113,234,0,90,0,0,0,0,0,0,0,0
RU,Russian Federation,country,Europe and Central Asia,61.52401,105.318756,VG,British Virgin Islands,country,Latin America and the Caribbean,18.420695,-64.639968,2013,611,0,0,0,0,0,260,0,0,0,0,0,0,0,351,0,0,0,0,0,0,0,0,0
RU,Russian Federation,country,Europe and Central Asia,61.52401,105.318756,BG,Bulgaria,country,Europe and Central Asia,42.733883,25.48583,2013,7119,172,0,48,1359,45,1004,23,9,355,170,2308,160,368,1,909,0,0,7,0,181,0,0,0
RU,Russian Federation,country,Europe and Central Asia,61.52401,105.318756,BI,Burundi,country,Sub-Saharan Africa,-3.373056,29.918886,2013,18209,18142,0,0,0,0,0,0,0,0,0,0,0,0,0,67,0,0,0,0,0,0,0,0
RU,Russian Federation,country,Europe and Central Asia,61.52401,105.318756,KH,Cambodia,country,East Asia and Pacific,12.565679,104.990963,2013,31,0,0,0,0,0,0,0,0,0,0,0,0,31,0,0,0,0,0,0,0,0,0,0
RU,Russian Federation,country,Europe and Central Asia,61.52401,105.318756,CM,Cameroon,country,Sub-Saharan Africa,7.369722,12.354722,2013,52,0,0,0,0,0,0,0,0,0,0,0,0,0,0,52,0,0,0,0,0,0,0,0
RU,Russian Federation,country,Europe and Central Asia,61.52401,105.318756,CA,Canada,country,North America,56.130366,-106.346771,2013,10949,312,0,8233,1,44,12,13,28,0,111,0,132,402,22,1625,0,0,14,0,0,0,0,0
RU,Russian Federation,country,Europe and Central Asia,61.52401,105.318756,CL,Chile,country,Latin America and the Caribbean,-35.675147,-71.542969,2013,2288,0,151,0,0,0,0,107,0,0,0,0,0,33,0,1997,0,0,0,0,0,0,0,0
RU,Russian Federation,country,Europe and Central Asia,61.52401,105.318756,HK,Hong Kong,country,East Asia and Pacific,22.396428,114.109497,2013,23378,0,0,7,0,0,0,0,0,0,0,0,6,0,0,10,0,23355,0,0,0,0,0,0
RU,Russian Federation,country,Europe and Central Asia,61.52401,105.318756,CN,China,country,East Asia and Pacific,35.86166,104.195397,2013,101783,14266,0,211,1,149,67871,688,2282,1085,0,0,41,1743,6452,6683,37,6,80,1,224,0,0,0
RU,Russian Federation,country,Europe and Central Asia,61.52401,105.318756,TW,Taiwan,country,East Asia and Pacific,23.69781,120.960515,2013,1575,157,0,0,0,0,22,0,0,0,0,0,421,972,1,2,0,0,0,0,0,0,0,0
RU,Russian Federation,country,Europe and Central Asia,61.52401,105.318756,CO,Colombia,country,Latin America and the Caribbean,4.570868,-74.297333,2013,100,0,0,0,0,0,0,0,0,0,0,0,0,0,0,100,0,0,0,0,0,0,0,0
RU,Russian Federation,country,Europe and Central Asia,61.52401,105.318756,CG,"Congo, Rep.",country,Sub-Saharan Africa,-0.228021,15.827659,2013,16991,16991,0,0,0,0,0,0,0,0,0,0,0,0,0,0,0,0,0,0,0,0,0,0
RU,Russian Federation,country,Europe and Central Asia,61.52401,105.318756,CR,Costa Rica,country,Latin America and the Caribbean,9.748917,-83.753428,2013,1,0,0,0,0,0,0,0,0,0,0,0,0,0,0,1,0,0,0,0,0,0,0,0
RU,Russian Federation,country,Europe and Central Asia,61.52401,105.318756,CI,Ivory Coast,country,Sub-Saharan Africa,7.539989,-5.54708,2013,201,0,0,0,0,0,0,0,0,0,0,0,0,0,0,201,0,0,0,0,0,0,0,0
RU,Russian Federation,country,Europe and Central Asia,61.52401,105.318756,HR,Croatia,country,Europe and Central Asia,45.1,15.2,2013,1031,418,0,1,0,0,0,0,0,0,0,160,0,452,0,0,0,0,0,0,0,0,0,0
RU,Russian Federation,country,Europe and Central Asia,61.52401,105.318756,CU,Cuba,country,Latin America and the Caribbean,21.521757,-77.781167,2013,25,2,0,2,0,0,0,0,0,0,0,0,2,0,0,19,0,0,0,0,0,0,0,0
RU,Russian Federation,country,Europe and Central Asia,61.52401,105.318756,CY,Cyprus,country,Europe and Central Asia,35.126413,33.429859,2013,187350,142592,0,0,2008,0,1044,0,0,0,0,39513,0,1,2033,159,0,0,0,0,0,0,0,0
RU,Russian Federation,country,Europe and Central Asia,61.52401,105.318756,CZ,Czech Republic,country,Europe and Central Asia,49.817492,15.472962,2013,24214,163,1,141,0,0,639,0,0,0,0,1840,22,1957,19120,330,3,0,1,0,0,0,0,0
RU,Russian Federation,country,Europe and Central Asia,61.52401,105.318756,KP,"Korea, Dem. Rep.",country,East Asia and Pacific,40.339852,127.510093,2013,7793,6360,0,0,0,0,202,0,1,0,0,0,2,3,955,85,40,2,1,182,0,0,0,0
RU,Russian Federation,country,Europe and Central Asia,61.52401,105.318756,CD,"Congo, Dem. Rep.",country,Sub-Saharan Africa,-4.038333,21.758664,2013,6335,6309,0,0,0,0,0,0,0,0,0,0,0,0,0,0,0,26,0,0,0,0,0,0
RU,Russian Federation,country,Europe and Central Asia,61.52401,105.318756,DK,Denmark,country,Europe and Central Asia,56.26392,9.501785,2013,175802,12756,0,0,1815,0,4922,0,0,0,0,139339,0,51,16860,59,0,0,0,0,0,0,0,0
RU,Russian Federation,country,Europe and Central Asia,61.52401,105.318756,DJ,Djibouti,country,Middle East and North Africa,11.825138,42.590275,2013,91,0,0,0,0,0,0,0,0,0,0,0,0,0,0,91,0,0,0,0,0,0,0,0
RU,Russian Federation,country,Europe and Central Asia,61.52401,105.318756,DM,Dominica,country,Latin America and the Caribbean,15.414999,-61.370976,2013,12,0,0,0,0,0,0,0,0,0,0,0,0,0,0,12,0,0,0,0,0,0,0,0
RU,Russian Federation,country,Europe and Central Asia,61.52401,105.318756,DO,Dominican Republic,country,Latin America and the Caribbean,18.735693,-70.162651,2013,12,0,0,0,0,0,0,0,0,0,0,0,0,12,0,0,0,0,0,0,0,0,0,0
RU,Russian Federation,country,Europe and Central Asia,61.52401,105.318756,EC,Ecuador,country,Latin America and the Caribbean,-1.831239,-78.183406,2013,52381,52381,0,0,0,0,0,0,0,0,0,0,0,0,0,0,0,0,0,0,0,0,0,0
RU,Russian Federation,country,Europe and Central Asia,61.52401,105.318756,EG,Egypt,country,Middle East and North Africa,26.820553,30.802498,2013,2534889,2192172,2350,16,19850,7,6931,0,0,0,0,58328,0,6938,248279,18,148,0,0,0,0,0,0,0
RU,Russian Federation,country,Europe and Central Asia,61.52401,105.318756,SV,El Salvador,country,Latin America and the Caribbean,13.794185,-88.89653,2013,18,0,0,0,0,0,0,0,0,0,0,0,0,0,0,18,0,0,0,0,0,0,0,0
RU,Russian Federation,country,Europe and Central Asia,61.52401,105.318756,GQ,Equatorial Guinea,country,Sub-Saharan Africa,1.650801,10.267895,2013,75,0,0,0,0,0,0,0,0,0,0,0,0,0,0,0,0,75,0,0,0,0,0,0
RU,Russian Federation,country,Europe and Central Asia,61.52401,105.318756,EE,Estonia,country,Europe and Central Asia,58.595272,25.013607,2013,20861,2074,0,148,41,1,85,745,1091,0,0,2247,311,4813,2383,6858,0,0,64,0,0,0,0,0
RU,Russian Federation,country,Europe and Central Asia,61.52401,105.318756,ET,Ethiopia,country,Sub-Saharan Africa,9.145,40.489673,2013,2515,2280,0,0,0,0,0,0,0,0,0,0,0,0,0,235,0,0,0,0,0,0,0,0
RU,Russian Federation,country,Europe and Central Asia,61.52401,105.318756,FK,Falkland Islands,country,,-51.796253,-59.523613,2013,4,0,0,0,0,0,0,0,0,0,0,0,0,0,0,4,0,0,0,0,0,0,0,0
RU,Russian Federation,country,Europe and Central Asia,61.52401,105.318756,FI,Finland,country,Europe and Central Asia,61.92411,25.748151,2013,74150,3034,0,3388,0,0,34,32,288,0,0,62272,3,3469,1021,309,0,300,0,0,0,0,0,0
RU,Russian Federation,country,Europe and Central Asia,61.52401,105.318756,FR,France,country,Europe and Central Asia,46.227638,2.213749,2013,143528,1,0,0,4,0,33,192,141,0,0,57050,0,906,83359,1842,1,0,0,0,0,0,0,0
RU,Russian Federation,country,Europe and Central Asia,61.52401,105.318756,GA,Gabon,country,Sub-Saharan Africa,-0.803689,11.609444,2013,217,0,0,0,0,0,0,0,0,0,0,0,0,0,0,0,0,217,0,0,0,0,0,0
RU,Russian Federation,country,Europe and Central Asia,61.52401,105.318756,DE,Germany,country,Europe and Central Asia,51.165691,10.451526,2013,237741,67785,499,19168,206,4094,17352,379,1068,290,224,96232,2945,1898,9751,15768,32,35,47,0,0,0,0,0
RU,Russian Federation,country,Europe and Central Asia,61.52401,105.318756,GH,Ghana,country,Sub-Saharan Africa,7.946527,-1.023194,2013,35435,33545,0,0,0,0,0,0,0,0,0,0,0,0,0,13,0,1877,0,0,0,0,0,0
RU,Russian Federation,country,Europe and Central Asia,61.52401,105.318756,GR,Greece,country,Europe and Central Asia,39.074208,21.824312,2013,266941,248135,0,28,4,47,8980,0,0,0,0,8877,21,113,0,719,0,0,17,0,0,0,0,0
RU,Russian Federation,country,Europe and Central Asia,61.52401,105.318756,GT,Guatemala,country,Latin America and the Caribbean,15.783471,-90.230759,2013,22,0,0,0,0,0,0,0,0,0,0,0,0,0,0,22,0,0,0,0,0,0,0,0
RU,Russian Federation,country,Europe and Central Asia,61.52401,105.318756,HT,Haiti,country,Latin America and the Caribbean,18.971187,-72.285215,2013,26410,26410,0,0,0,0,0,0,0,0,0,0,0,0,0,0,0,0,0,0,0,0,0,0
RU,Russian Federation,country,Europe and Central Asia,61.52401,105.318756,HU,Hungary,country,Europe and Central Asia,47.162494,19.503304,2013,1044,607,0,0,305,0,44,0,19,0,0,0,9,18,0,42,0,0,0,0,0,0,0,0
RU,Russian Federation,country,Europe and Central Asia,61.52401,105.318756,IS,Iceland,country,Europe and Central Asia,64.963051,-19.020835,2013,10,0,0,0,0,0,0,0,0,0,0,0,0,9,0,1,0,0,0,0,0,0,0,0
RU,Russian Federation,country,Europe and Central Asia,61.52401,105.318756,IN,India,country,South Asia,20.593684,78.96288,2013,113672,12,0,0,106678,0,0,3190,0,2068,82,0,656,31,0,955,0,0,0,0,0,0,0,0
RU,Russian Federation,country,Europe and Central Asia,61.52401,105.318756,ID,Indonesia,country,East Asia and Pacific,-0.789275,113.921327,2013,281667,273468,0,7620,0,0,0,0,0,0,446,0,130,0,0,3,0,0,0,0,0,0,0,0
RU,Russian Federation,country,Europe and Central Asia,61.52401,105.318756,IR,Iran,country,Middle East and North Africa,32.427908,53.688046,2013,1212665,1151484,0,0,160,0,13020,0,143,0,0,9090,0,573,38142,53,0,0,0,0,0,0,0,0
RU,Russian Federation,country,Europe and Central Asia,61.52401,105.318756,IQ,Iraq,country,Middle East and North Africa,33.223191,43.679291,2013,105495,103433,0,0,0,40,1236,0,0,0,0,0,0,335,0,451,0,0,0,0,0,0,0,0
RU,Russian Federation,country,Europe and Central Asia,61.52401,105.318756,IE,Ireland,country,Europe and Central Asia,53.41291,-8.24389,2013,38347,25784,0,0,0,0,0,0,0,0,0,12225,0,0,0,338,0,0,0,0,0,0,0,0
RU,Russian Federation,country,Europe and Central Asia,61.52401,105.318756,IL,Israel,country,Middle East and North Africa,31.046051,34.851612,2013,732719,616462,1,192,3679,393,72,28,127,0,2,94189,356,900,10622,5591,0,0,105,0,0,0,0,0
RU,Russian Federation,country,Europe and Central Asia,61.52401,105.318756,IT,Italy,country,Europe and Central Asia,41.87194,12.56738,2013,795293,206547,0,20571,62287,0,18851,111,101,194,20,393689,114,257,91460,1091,0,0,0,0,0,0,0,0
RU,Russian Federation,country,Europe and Central Asia,61.52401,105.318756,JP,Japan,country,East Asia and Pacific,36.204824,138.252924,2013,52189,50602,0,2,0,0,51,856,2,0,0,0,479,11,54,71,0,0,0,0,61,0,0,0
RU,Russian Federation,country,Europe and Central Asia,61.52401,105.318756,JO,Jordan,country,Middle East and North Africa,30.585164,36.238414,2013,232931,220062,0,5499,5787,1,3,3,0,0,22,0,1,502,938,95,0,0,18,0,0,0,0,0
RU,Russian Federation,country,Europe and Central Asia,61.52401,105.318756,KZ,Kazakhstan,country,Europe and Central Asia,48.019573,66.923684,2013,778306,125558,1505,40191,2073,9892,21385,9509,23484,41,389,35351,60439,75736,110632,104137,8998,67807,90177,0,0,0,0,0
RU,Russian Federation,country,Europe and Central Asia,61.52401,105.318756,KE,Kenya,country,Sub-Saharan Africa,-0.023559,37.906193,2013,425360,425342,0,0,0,0,0,0,0,0,0,0,0,0,0,18,0,0,0,0,0,0,0,0
RU,Russian Federation,country,Europe and Central Asia,61.52401,105.318756,KI,Kiribati,country,East Asia and Pacific,-3.370417,-168.734039,2013,612679,553772,20,1428,22,81,548,128,274,0,91,14310,4593,10322,15451,6831,0,1479,3329,0,0,0,0,0
RU,Russian Federation,country,Europe and Central Asia,61.52401,105.318756,KW,Kuwait,country,Middle East and North Africa,29.31166,47.481766,2013,114,0,0,2,94,0,0,0,0,0,0,0,18,0,0,0,0,0,0,0,0,0,0,0
RU,Russian Federation,country,Europe and Central Asia,61.52401,105.318756,KG,Kyrgyz Rep.,country,Europe and Central Asia,41.20438,74.766098,2013,142610,43273,81,3358,654,193,330,321,1021,0,21,2718,9680,5554,36404,29323,20,731,8344,604,0,0,0,0
RU,Russian Federation,country,Europe and Central Asia,61.52401,105.318756,LA,Lao PDR,country,East Asia and Pacific,19.85627,102.495496,2013,280,0,0,0,0,0,0,0,0,0,0,0,0,0,0,33,0,247,0,0,0,0,0,0
RU,Russian Federation,country,Europe and Central Asia,61.52401,105.318756,LV,Latvia,country,Europe and Central Asia,56.879635,24.603189,2013,562485,97649,0,2006,1569,691,19145,4180,787,0,0,373976,1558,5284,44802,10832,0,0,6,0,0,0,0,0
RU,Russian Federation,country,Europe and Central Asia,61.52401,105.318756,LB,Lebanon,country,Middle East and North Africa,33.854721,35.862285,2013,285738,272577,0,0,845,0,0,0,0,0,0,2750,0,174,9160,232,0,0,0,0,0,0,0,0
RU,Russian Federation,country,Europe and Central Asia,61.52401,105.318756,LR,Liberia,country,Sub-Saharan Africa,6.428055,-9.429499,2013,1459,0,0,0,0,0,0,0,0,0,0,0,0,0,0,0,0,1459,0,0,0,0,0,0
RU,Russian Federation,country,Europe and Central Asia,61.52401,105.318756,LY,Libya,country,Middle East and North Africa,26.3351,17.228331,2013,672173,672162,0,0,0,0,0,0,0,0,0,0,0,11,0,0,0,0,0,0,0,0,0,0
RU,Russian Federation,country,Europe and Central Asia,61.52401,105.318756,LT,Lithuania,country,Europe and Central Asia,55.169438,23.881275,2013,144778,10956,0,7068,0,172,2142,10231,1767,19,40,57495,1958,5943,39485,7502,0,0,0,0,0,0,0,0
RU,Russian Federation,country,Europe and Central Asia,61.52401,105.318756,MG,Madagascar,country,Sub-Saharan Africa,-18.766947,46.869107,2013,18773,18773,0,0,0,0,0,0,0,0,0,0,0,0,0,0,0,0,0,0,0,0,0,0
RU,Russian Federation,country,Europe and Central Asia,61.52401,105.318756,MW,Malawi,country,Sub-Saharan Africa,-13.254308,34.301525,2013,12806,12806,0,0,0,0,0,0,0,0,0,0,0,0,0,0,0,0,0,0,0,0,0,0
RU,Russian Federation,country,Europe and Central Asia,61.52401,105.318756,MY,Malaysia,country,East Asia and Pacific,4.210484,101.975766,2013,40180,40000,0,0,0,0,0,0,0,0,171,0,0,0,0,9,0,0,0,0,0,0,0,0
RU,Russian Federation,country,Europe and Central Asia,61.52401,105.318756,MT,Malta,country,Middle East and North Africa,35.937496,14.375416,2013,11,0,0,0,0,0,0,0,0,0,0,0,0,0,0,11,0,0,0,0,0,0,0,0
RU,Russian Federation,country,Europe and Central Asia,61.52401,105.318756,MR,Mauritania,country,Sub-Saharan Africa,21.00789,-10.940835,2013,47340,47340,0,0,0,0,0,0,0,0,0,0,0,0,0,0,0,0,0,0,0,0,0,0
RU,Russian Federation,country,Europe and Central Asia,61.52401,105.318756,MX,Mexico,country,Latin America and the Caribbean,23.634501,-102.552784,2013,177836,177605,0,0,0,0,0,0,0,0,0,0,0,41,0,190,0,0,0,0,0,0,0,0
RU,Russian Federation,country,Europe and Central Asia,61.52401,105.318756,MN,Mongolia,country,East Asia and Pacific,46.862496,103.846656,2013,123075,32137,0,4600,77,29,373,804,3459,5,71,3644,6736,9459,17865,33036,577,162,10617,1,0,0,0,0
RU,Russian Federation,country,Europe and Central Asia,61.52401,105.318756,ME,Montenegro,country,Europe and Central Asia,42.708678,19.37439,2013,88,3,0,0,0,0,0,0,0,0,0,0,0,11,40,34,0,0,0,0,0,0,0,0
RU,Russian Federation,country,Europe and Central Asia,61.52401,105.318756,MA,Morocco,country,Middle East and North Africa,31.791702,-7.09262,2013,81718,3988,0,0,0,0,0,0,0,0,0,68955,58,14,8637,66,0,0,0,0,0,0,0,0
RU,Russian Federation,country,Europe and Central Asia,61.52401,105.318756,MZ,Mozambique,country,Sub-Saharan Africa,-18.665695,35.529562,2013,287176,287176,0,0,0,0,0,0,0,0,0,0,0,0,0,0,0,0,0,0,0,0,0,0
RU,Russian Federation,country,Europe and Central Asia,61.52401,105.318756,NP,Nepal,country,South Asia,28.394857,84.124008,2013,76,0,0,0,74,0,0,0,0,0,0,0,0,0,0,0,0,0,2,0,0,0,0,0
RU,Russian Federation,country,Europe and Central Asia,61.52401,105.318756,NL,Netherlands,country,Europe and Central Asia,52.132633,5.291266,2013,251815,3896,0,7532,210,0,4078,0,276,0,281,145947,782,81,88470,247,0,15,0,0,0,0,0,0
RU,Russian Federation,country,Europe and Central Asia,61.52401,105.318756,NC,New Caledonia,country,East Asia and Pacific,-20.904305,165.618042,2013,123,0,0,0,0,0,0,0,0,0,0,27,0,0,96,0,0,0,0,0,0,0,0,0
RU,Russian Federation,country,Europe and Central Asia,61.52401,105.318756,NZ,New Zealand,country,East Asia and Pacific,-40.900557,174.885971,2013,595,0,0,8,0,0,0,0,0,0,0,0,1,0,442,144,0,0,0,0,0,0,0,0
RU,Russian Federation,country,Europe and Central Asia,61.52401,105.318756,NI,Nicaragua,country,Latin America and the Caribbean,12.865416,-85.207229,2013,100000,100000,0,0,0,0,0,0,0,0,0,0,0,0,0,0,0,0,0,0,0,0,0,0
RU,Russian Federation,country,Europe and Central Asia,61.52401,105.318756,NG,Nigeria,country,Sub-Saharan Africa,9.081999,8.675277,2013,199192,199138,0,0,0,0,0,0,0,0,0,0,0,0,0,54,0,0,0,0,0,0,0,0
RU,Russian Federation,country,Europe and Central Asia,61.52401,105.318756,NO,Norway,country,Europe and Central Asia,60.472024,8.468946,2013,177640,10948,0,0,0,0,0,0,30,0,0,48728,4,1,117899,26,0,4,0,0,0,0,0,0
RU,Russian Federation,country,Europe and Central Asia,61.52401,105.318756,PS,Palestine,country,Middle East and North Africa,31.952162,35.233154,2013,155,0,0,0,0,0,0,0,0,0,0,0,0,0,155,0,0,0,0,0,0,0,0,0
RU,Russian Federation,country,Europe and Central Asia,61.52401,105.318756,OM,Oman,country,Middle East and North Africa,21.512583,55.923255,2013,107163,103985,0,0,0,0,0,0,0,0,0,0,0,0,3150,28,0,0,0,0,0,0,0,0
RU,Russian Federation,country,Europe and Central Asia,61.52401,105.318756,PK,Pakistan,country,South Asia,30.375321,69.345116,2013,179560,161702,0,0,13247,0,4462,0,0,0,149,0,0,0,0,0,0,0,0,0,0,0,0,0
RU,Russian Federation,country,Europe and Central Asia,61.52401,105.318756,PA,Panama,country,Latin America and the Caribbean,8.537981,-80.782127,2013,872,0,0,0,180,0,638,0,0,0,0,0,0,0,0,54,0,0,0,0,0,0,0,0
RU,Russian Federation,country,Europe and Central Asia,61.52401,105.318756,PE,Peru,country,Latin America and the Caribbean,-9.189967,-75.015152,2013,325230,325227,0,0,0,0,0,0,0,0,0,0,0,0,0,3,0,0,0,0,0,0,0,0
RU,Russian Federation,country,Europe and Central Asia,61.52401,105.318756,PH,Philippines,country,East Asia and Pacific,12.879721,121.774017,2013,127008,127008,0,0,0,0,0,0,0,0,0,0,0,0,0,0,0,0,0,0,0,0,0,0
RU,Russian Federation,country,Europe and Central Asia,61.52401,105.318756,PL,Poland,country,Europe and Central Asia,51.919438,19.145136,2013,108463,2186,462,426,351,0,7851,58,309,94,1765,62286,507,9345,22095,728,0,0,0,0,0,0,0,0
RU,Russian Federation,country,Europe and Central Asia,61.52401,105.318756,PT,Portugal,country,Europe and Central Asia,39.399872,-8.224454,2013,6863,604,0,0,0,0,2805,0,0,0,0,0,0,0,3262,192,0,0,0,0,0,0,0,0
RU,Russian Federation,country,Europe and Central Asia,61.52401,105.318756,QA,Qatar,country,Middle East and North Africa,25.354826,51.183884,2013,22183,22183,0,0,0,0,0,0,0,0,0,0,0,0,0,0,0,0,0,0,0,0,0,0
RU,Russian Federation,country,Europe and Central Asia,61.52401,105.318756,KR,"Korea, Rep.",country,East Asia and Pacific,35.907757,127.766922,2013,406483,401800,0,74,2,0,105,18,23,0,0,3822,208,135,1,295,0,0,0,0,0,0,0,0
RU,Russian Federation,country,Europe and Central Asia,61.52401,105.318756,MD,Moldova,country,Europe and Central Asia,47.411631,28.369885,2013,52360,14405,10,1183,48,65,637,148,413,0,1,1748,2454,15259,4766,8515,0,41,2667,0,0,0,0,0
RU,Russian Federation,country,Europe and Central Asia,61.52401,105.318756,RO,Romania,country,Europe and Central Asia,45.943161,24.96676,2013,17297,0,189,0,44,0,125,16,0,0,0,2,27,175,16609,110,0,0,0,0,0,0,0,0
RU,Russian Federation,country,Europe and Central Asia,61.52401,105.318756,RW,Rwanda,country,Sub-Saharan Africa,-1.940278,29.873888,2013,24487,24487,0,0,0,0,0,0,0,0,0,0,0,0,0,0,0,0,0,0,0,0,0,0
RU,Russian Federation,country,Europe and Central Asia,61.52401,105.318756,SA,Saudi Arabia,country,Middle East and North Africa,23.885942,45.079162,2013,1410928,1385053,0,3,547,1,0,0,322,0,0,0,14,1,24986,1,0,0,0,0,0,0,0,0
RU,Russian Federation,country,Europe and Central Asia,61.52401,105.318756,SN,Senegal,country,Sub-Saharan Africa,14.497401,-14.452362,2013,50245,50244,0,0,0,0,0,0,0,0,0,0,0,0,0,1,0,0,0,0,0,0,0,0
RU,Russian Federation,country,Europe and Central Asia,61.52401,105.318756,RS,Serbia,country,Europe and Central Asia,44.016521,21.005859,2013,34433,487,60,1549,399,0,36,142,117,0,0,17519,33,5753,8248,33,0,0,57,0,0,0,0,0
RU,Russian Federation,country,Europe and Central Asia,61.52401,105.318756,SC,Seychelles,country,Sub-Saharan Africa,-4.679574,55.491977,2013,82,0,0,0,0,0,0,0,0,0,0,0,0,0,55,27,0,0,0,0,0,0,0,0
RU,Russian Federation,country,Europe and Central Asia,61.52401,105.318756,SL,Sierra Leone,country,Sub-Saharan Africa,8.460555,-11.779889,2013,34,0,0,0,0,0,0,0,0,0,0,0,0,0,0,34,0,0,0,0,0,0,0,0
RU,Russian Federation,country,Europe and Central Asia,61.52401,105.318756,SG,Singapore,country,East Asia and Pacific,1.352083,103.819836,2013,370,0,0,0,0,0,0,0,0,0,0,0,26,16,154,174,0,0,0,0,0,0,0,0
RU,Russian Federation,country,Europe and Central Asia,61.52401,105.318756,SK,Slovak Rep.,country,Europe and Central Asia,48.669026,19.699024,2013,1115,63,0,0,0,0,0,0,0,71,0,168,0,713,81,19,0,0,0,0,0,0,0,0
RU,Russian Federation,country,Europe and Central Asia,61.52401,105.318756,SI,Slovenia,country,Europe and Central Asia,46.151241,14.995463,2013,77,0,0,0,0,0,42,0,0,0,0,0,0,0,20,0,0,0,0,15,0,0,0,0
RU,Russian Federation,country,Europe and Central Asia,61.52401,105.318756,SO,Somalia,country,Sub-Saharan Africa,5.152149,46.199616,2013,556,556,0,0,0,0,0,0,0,0,0,0,0,0,0,0,0,0,0,0,0,0,0,0
RU,Russian Federation,country,Europe and Central Asia,61.52401,105.318756,ZA,S. Africa,country,Sub-Saharan Africa,-30.559482,22.937506,2013,500840,499914,0,0,0,0,0,0,0,0,40,0,0,882,3,1,0,0,0,0,0,0,0,0
RU,Russian Federation,country,Europe and Central Asia,61.52401,105.318756,ES,Spain,country,Europe and Central Asia,40.463667,-3.74922,2013,669146,272943,0,271,6083,31,12921,29,0,0,72,317494,1,355,58293,653,2,0,0,0,0,0,0,0
RU,Russian Federation,country,Europe and Central Asia,61.52401,105.318756,LK,Sri Lanka,country,South Asia,7.873054,80.771797,2013,52229,50851,0,0,0,0,0,0,0,0,1355,0,0,0,0,23,0,0,0,0,0,0,0,0
RU,Russian Federation,country,Europe and Central Asia,61.52401,105.318756,SE,Sweden,country,Europe and Central Asia,60.128161,18.643501,2013,53961,0,0,101,0,0,0,0,653,0,0,49842,2,15,3293,55,0,0,0,0,0,0,0,0
RU,Russian Federation,country,Europe and Central Asia,61.52401,105.318756,CH,Switzerland,country,Europe and Central Asia,46.818188,8.227512,2013,15242,4278,0,0,0,0,9501,16,2,0,0,0,0,1156,0,289,0,0,0,0,0,0,0,0
RU,Russian Federation,country,Europe and Central Asia,61.52401,105.318756,SY,Syrian Arab Rep.,country,Middle East and North Africa,34.802075,38.996815,2013,34885,27204,0,0,0,0,0,0,0,0,0,0,0,0,7239,442,0,0,0,0,0,0,0,0
RU,Russian Federation,country,Europe and Central Asia,61.52401,105.318756,TJ,Tajikistan,country,Europe and Central Asia,38.861034,71.276093,2013,118543,36173,492,5945,2885,64,134,799,1505,1,16,718,7365,12753,27415,13213,1747,945,8120,0,0,0,0,0
RU,Russian Federation,country,Europe and Central Asia,61.52401,105.318756,TH,Thailand,country,East Asia and Pacific,15.870032,100.992541,2013,35742,29908,0,0,0,0,59,0,0,0,23,2977,0,0,0,153,0,2622,0,0,0,0,0,0
RU,Russian Federation,country,Europe and Central Asia,61.52401,105.318756,MK,Macedonia,country,Europe and Central Asia,41.608635,21.745275,2013,128,0,0,1,42,0,0,0,0,0,0,0,0,78,0,7,0,0,0,0,0,0,0,0
RU,Russian Federation,country,Europe and Central Asia,61.52401,105.318756,TG,Togo,country,Sub-Saharan Africa,8.619543,0.824782,2013,125,0,0,0,0,0,0,0,0,0,0,0,0,0,0,50,0,75,0,0,0,0,0,0
RU,Russian Federation,country,Europe and Central Asia,61.52401,105.318756,TN,Tunisia,country,Middle East and North Africa,33.886917,9.537499,2013,184470,181790,0,1600,0,0,0,0,0,0,0,0,0,0,1001,79,0,0,0,0,0,0,0,0
RU,Russian Federation,country,Europe and Central Asia,61.52401,105.318756,TR,Turkey,country,Europe and Central Asia,38.963745,35.243322,2013,5419009,3590659,0,189316,252525,44,182459,2753,173,0,335,781372,188,2436,416173,556,1400,0,0,20,0,0,0,0
RU,Russian Federation,country,Europe and Central Asia,61.52401,105.318756,TM,Turkmenistan,country,Europe and Central Asia,38.969719,59.556278,2013,95774,36544,0,2288,1119,124,35,114,790,0,52,202,4840,7843,20881,14494,28,165,6283,0,0,0,0,0
RU,Russian Federation,country,Europe and Central Asia,61.52401,105.318756,UG,Uganda,country,Sub-Saharan Africa,1.373333,32.290275,2013,60277,60277,0,0,0,0,0,0,0,0,0,0,0,0,0,0,0,0,0,0,0,0,0,0
RU,Russian Federation,country,Europe and Central Asia,61.52401,105.318756,UA,Ukraine,country,Europe and Central Asia,48.379433,31.16558,2013,470955,72311,2,104569,156,26,2293,11432,7604,523,27,30616,51632,43478,23491,98239,74,15,8864,0,15677,0,0,0
RU,Russian Federation,country,Europe and Central Asia,61.52401,105.318756,AE,United Arab Emirates,country,Middle East and North Africa,23.424076,53.847818,2013,265886,243793,0,683,1243,4,88,10,1,0,145,54,93,1477,17718,555,1,21,1,0,0,0,0,0
RU,Russian Federation,country,Europe and Central Asia,61.52401,105.318756,GB,United Kingdom,country,Europe and Central Asia,55.378051,-3.435973,2013,134081,32972,0,18,0,139,25252,0,85,0,162,30315,0,34,29748,15356,0,0,0,0,0,0,0,0
RU,Russian Federation,country,Europe and Central Asia,61.52401,105.318756,TZ,Tanzania,country,Sub-Saharan Africa,-6.369028,34.888822,2013,261763,260066,0,0,717,0,0,0,0,0,0,0,0,0,0,980,0,0,0,0,0,0,0,0
RU,Russian Federation,country,Europe and Central Asia,61.52401,105.318756,US,USA,country,North America,37.09024,-95.712891,2013,20476,2333,20,3153,48,794,354,99,225,0,65,0,903,438,262,11621,0,0,161,0,0,0,0,0
RU,Russian Federation,country,Europe and Central Asia,61.52401,105.318756,UY,Uruguay,country,Latin America and the Caribbean,-32.522779,-55.765835,2013,49,0,0,0,0,0,0,0,0,0,0,0,0,0,0,49,0,0,0,0,0,0,0,0
RU,Russian Federation,country,Europe and Central Asia,61.52401,105.318756,UZ,Uzbekistan,country,Europe and Central Asia,41.377491,64.585262,2013,196735,21950,973,1746,5166,8,950,1689,1242,0,92,11939,2878,13362,124128,7956,358,60,2596,0,0,0,0,0
RU,Russian Federation,country,Europe and Central Asia,61.52401,105.318756,VE,Venezuela,country,Latin America and the Caribbean,6.42375,-66.58973,2013,195,0,0,0,0,0,0,0,0,0,0,0,0,0,0,195,0,0,0,0,0,0,0,0
RU,Russian Federation,country,Europe and Central Asia,61.52401,105.318756,VN,Vietnam,country,East Asia and Pacific,14.058324,108.277199,2013,119261,38500,0,50743,0,108,11319,5,2,0,72,15010,29,7,0,1973,0,1489,4,0,0,0,0,0
RU,Russian Federation,country,Europe and Central Asia,61.52401,105.318756,YE,Yemen,country,Middle East and North Africa,15.552727,48.516388,2013,798214,798214,0,0,0,0,0,0,0,0,0,0,0,0,0,0,0,0,0,0,0,0,0,0
RU,Russian Federation,country,Europe and Central Asia,61.52401,105.318756,ZW,Zimbabwe,country,Sub-Saharan Africa,-19.015438,29.154857,2013,3300,3300,0,0,0,0,0,0,0,0,0,0,0,0,0,0,0,0,0,0,0,0,0,0
