sourceCode,sourceName,sourceGrouping,sourceRegion,sourceLat,sourceLong,destCode,destName,destGrouping,destRegion,destLat,destLong,year,totalTons,cereals,roots,sugarCrops,pulses,nuts,oilCrops,vegetables,fruits,fibers,spices,fodderCrops,coffeeTea,tobaccoRubber,oilsFats,beverages,livestock,animalMeats,animalProducts,animalHides,nimalOther,pesticides,fertilizers,machinery
BR,Brazil,country,Latin America and the Caribbean,-14.235004,-51.92528,AF,Afghanistan,country,South Asia,33.93911,67.709953,2013,7320,0,0,35,0,0,0,0,0,0,0,0,15,0,0,0,0,7270,0,0,0,0,0,0
BR,Brazil,country,Latin America and the Caribbean,-14.235004,-51.92528,AL,Albania,country,Europe and Central Asia,41.153332,20.168331,2013,53627,0,0,38437,0,0,0,0,25,0,0,0,1026,125,0,0,0,14014,0,0,0,0,0,0
BR,Brazil,country,Latin America and the Caribbean,-14.235004,-51.92528,DZ,Algeria,country,Middle East and North Africa,28.033886,1.659626,2013,2568943,767069,0,1623321,690,0,19210,0,97,0,84,19478,4800,213,112974,0,0,21007,0,0,0,0,0,0
BR,Brazil,country,Latin America and the Caribbean,-14.235004,-51.92528,WS,Samoa,country,East Asia and Pacific,-13.759029,-172.104629,2013,39563,37619,0,763,0,0,0,0,18,0,0,39,408,600,52,0,0,64,0,0,0,0,0,0
BR,Brazil,country,Latin America and the Caribbean,-14.235004,-51.92528,AO,Angola,country,Sub-Saharan Africa,-11.202692,17.873887,2013,743333,146728,13,358937,83,7,44,940,3890,2,5,2420,544,14939,3902,1081,2780,200298,9500,0,0,0,0,0
BR,Brazil,country,Latin America and the Caribbean,-14.235004,-51.92528,AG,Antigua & Barbuda,country,Latin America and the Caribbean,17.060816,-61.796428,2013,2353,211,0,304,0,0,0,0,0,0,0,0,0,5,168,0,0,1665,0,0,0,0,0,0
BR,Brazil,country,Latin America and the Caribbean,-14.235004,-51.92528,AR,Argentina,country,Latin America and the Caribbean,-38.416097,-63.616672,2013,180544,5239,674,7871,4,946,1371,7238,23659,4454,1610,12820,72040,20106,3372,3649,4466,14972,519,0,0,0,0,0
BR,Brazil,country,Latin America and the Caribbean,-14.235004,-51.92528,AM,Armenia,country,Europe and Central Asia,40.069099,45.038189,2013,24057,0,0,7563,0,0,0,0,0,0,0,0,98,3506,6,0,0,12884,0,0,0,0,0,0
BR,Brazil,country,Latin America and the Caribbean,-14.235004,-51.92528,AW,Aruba,country,Latin America and the Caribbean,12.52111,-69.968338,2013,5430,106,0,0,0,0,0,0,0,0,0,0,0,42,0,251,0,5028,3,0,0,0,0,0
BR,Brazil,country,Latin America and the Caribbean,-14.235004,-51.92528,AU,Australia,country,East Asia and Pacific,-25.274398,133.775136,2013,47216,343,1,1913,0,711,1026,5,15836,159,4,4125,11391,2918,8154,132,0,498,0,0,0,0,0,0
BR,Brazil,country,Latin America and the Caribbean,-14.235004,-51.92528,AT,Austria,country,Europe and Central Asia,47.516231,14.550072,2013,2565,1,0,4,0,0,0,0,50,276,0,35,1091,1052,0,34,0,22,0,0,0,0,0,0
BR,Brazil,country,Latin America and the Caribbean,-14.235004,-51.92528,AZ,Azerbaijan,country,Europe and Central Asia,40.143105,47.576927,2013,9378,0,0,74,0,0,0,0,0,0,0,0,26,20,0,0,0,9258,0,0,0,0,0,0
BR,Brazil,country,Latin America and the Caribbean,-14.235004,-51.92528,BS,The Bahamas,country,Latin America and the Caribbean,25.03428,-77.39628,2013,6670,479,0,472,0,0,0,0,1,0,0,0,62,0,0,29,1,5500,127,0,0,0,0,0
BR,Brazil,country,Latin America and the Caribbean,-14.235004,-51.92528,BH,Bahrain,country,Middle East and North Africa,25.930414,50.637772,2013,71676,7,0,49768,0,0,0,45,220,0,0,0,194,113,0,0,0,20176,1153,0,0,0,0,0
BR,Brazil,country,Latin America and the Caribbean,-14.235004,-51.92528,BD,Bangladesh,country,South Asia,23.684994,90.356331,2013,1824939,0,0,1668666,0,0,40620,0,14407,4683,0,33237,0,1400,61902,0,0,24,0,0,0,0,0,0
BR,Brazil,country,Latin America and the Caribbean,-14.235004,-51.92528,BB,Barbados,country,Latin America and the Caribbean,13.193887,-59.543198,2013,2572,1834,0,24,0,0,0,0,167,0,0,0,0,0,0,0,0,547,0,0,0,0,0,0
BR,Brazil,country,Latin America and the Caribbean,-14.235004,-51.92528,BY,Belarus,country,Europe and Central Asia,53.709807,27.953389,2013,1683,0,0,0,0,0,0,0,0,0,0,0,0,1683,0,0,0,0,0,0,0,0,0,0
BR,Brazil,country,Latin America and the Caribbean,-14.235004,-51.92528,BE,Belgium,country,Europe and Central Asia,50.503887,4.469936,2013,1150805,2079,0,2403,0,159,1445,0,891642,102,7,6786,123011,105236,359,350,12,17226,0,0,0,0,0,0
BR,Brazil,country,Latin America and the Caribbean,-14.235004,-51.92528,BZ,Belize,country,Latin America and the Caribbean,17.189877,-88.49765,2013,471,19,0,0,0,0,0,0,0,0,0,178,0,137,0,0,0,137,0,0,0,0,0,0
BR,Brazil,country,Latin America and the Caribbean,-14.235004,-51.92528,BJ,Benin,country,Sub-Saharan Africa,9.30769,2.315834,2013,235358,74082,0,133152,0,0,0,0,0,0,0,26,61,1970,0,0,0,26067,0,0,0,0,0,0
BR,Brazil,country,Latin America and the Caribbean,-14.235004,-51.92528,BM,Bermuda,country,North America,32.321384,-64.75737,2013,229,0,0,0,0,0,0,0,0,0,0,0,0,0,0,0,0,229,0,0,0,0,0,0
BR,Brazil,country,Latin America and the Caribbean,-14.235004,-51.92528,BO,Bolivia,country,Latin America and the Caribbean,-16.290154,-63.588653,2013,111217,32914,1530,11479,136,2,57,1577,226,40,63,3871,3925,2816,13900,25940,2242,10699,2040,2,0,0,0,0
BR,Brazil,country,Latin America and the Caribbean,-14.235004,-51.92528,BA,Bosnia & Herzegovina,country,Europe and Central Asia,43.915886,17.679076,2013,311,0,0,0,0,0,0,0,0,0,0,0,0,149,0,0,0,162,0,0,0,0,0,0
BR,Brazil,country,Latin America and the Caribbean,-14.235004,-51.92528,BW,Botswana,country,Sub-Saharan Africa,-22.328474,24.684866,2013,162,6,0,95,0,0,0,0,0,0,0,0,8,29,0,24,0,0,0,0,0,0,0,0
BR,Brazil,country,Latin America and the Caribbean,-14.235004,-51.92528,BR,Brazil,country,Latin America and the Caribbean,-14.235004,-51.92528,2013,0,0,0,0,0,0,0,0,0,0,0,0,0,0,0,0,0,0,0,0,0,0,0,0
BR,Brazil,country,Latin America and the Caribbean,-14.235004,-51.92528,VG,British Virgin Islands,country,Latin America and the Caribbean,18.420695,-64.639968,2013,38557,0,0,35870,0,0,0,0,0,0,0,2532,0,0,0,0,0,155,0,0,0,0,0,0
BR,Brazil,country,Latin America and the Caribbean,-14.235004,-51.92528,BN,Brunei Darussalam,country,,4.535277,114.727669,2013,745,0,0,0,0,0,0,0,0,0,0,0,0,0,0,0,0,745,0,0,0,0,0,0
BR,Brazil,country,Latin America and the Caribbean,-14.235004,-51.92528,BG,Bulgaria,country,Europe and Central Asia,42.733883,25.48583,2013,67767,125,0,59870,0,0,0,0,133,0,0,114,2489,2768,0,0,0,2268,0,0,0,0,0,0
BR,Brazil,country,Latin America and the Caribbean,-14.235004,-51.92528,BF,Burkina Faso,country,Sub-Saharan Africa,12.238333,-1.561593,2013,37,0,0,0,0,0,0,0,0,0,0,0,0,0,0,10,0,27,0,0,0,0,0,0
BR,Brazil,country,Latin America and the Caribbean,-14.235004,-51.92528,CV,Cape Verde,country,Sub-Saharan Africa,16.002082,-24.013197,2013,20199,4583,0,11755,1,1,4,33,80,0,0,38,344,326,353,133,0,2358,190,0,0,0,0,0
BR,Brazil,country,Latin America and the Caribbean,-14.235004,-51.92528,KH,Cambodia,country,East Asia and Pacific,12.565679,104.990963,2013,806,0,0,0,0,0,0,0,151,0,0,468,0,187,0,0,0,0,0,0,0,0,0,0
BR,Brazil,country,Latin America and the Caribbean,-14.235004,-51.92528,CM,Cameroon,country,Sub-Saharan Africa,7.369722,12.354722,2013,70417,1048,0,67041,0,0,25,0,0,0,0,270,106,3,0,42,0,1882,0,0,0,0,0,0
BR,Brazil,country,Latin America and the Caribbean,-14.235004,-51.92528,CA,Canada,country,North America,56.130366,-106.346771,2013,1050032,450,380,984807,88,2010,0,957,9014,0,52,499,34796,2420,183,61,0,14315,0,0,0,0,0,0
BR,Brazil,country,Latin America and the Caribbean,-14.235004,-51.92528,KY,Cayman Islands,country,Latin America and the Caribbean,19.513469,-80.566956,2013,7241,0,0,0,0,0,0,0,0,0,46,6941,0,0,0,0,0,60,194,0,0,0,0,0
BR,Brazil,country,Latin America and the Caribbean,-14.235004,-51.92528,CF,Central African Rep.,country,Sub-Saharan Africa,6.611111,20.939444,2013,775,0,0,0,0,0,0,0,0,0,0,0,0,3,0,0,0,772,0,0,0,0,0,0
BR,Brazil,country,Latin America and the Caribbean,-14.235004,-51.92528,CL,Chile,country,Latin America and the Caribbean,-35.675147,-71.542969,2013,384952,78859,8,91580,0,302,22,40,7307,1,155,71887,20461,6834,2409,762,602,103325,974,26,0,0,0,0
BR,Brazil,country,Latin America and the Caribbean,-14.235004,-51.92528,HK,Hong Kong,country,East Asia and Pacific,22.396428,114.109497,2013,906823,1187,0,189,0,250,8874,489,32,447,0,348,1040,120542,5601,46,0,766552,2,1224,0,0,0,0
BR,Brazil,country,Latin America and the Caribbean,-14.235004,-51.92528,MO,"Macao SAR, China",country,East Asia and Pacific,22.198745,113.543873,2013,71,0,0,0,0,0,0,0,0,0,0,0,29,15,0,0,0,27,0,0,0,0,0,0
BR,Brazil,country,Latin America and the Caribbean,-14.235004,-51.92528,CN,China,country,East Asia and Pacific,35.86166,104.195397,2013,36802499,53540,0,3496387,0,41,32251520,0,37730,99840,2,40093,2119,71405,555732,158,0,191990,15,1877,50,0,0,0
BR,Brazil,country,Latin America and the Caribbean,-14.235004,-51.92528,TW,Taiwan,country,East Asia and Pacific,23.69781,120.960515,2013,3285289,2251015,0,537,0,0,979792,0,1553,37317,1,7673,4293,2770,0,4,0,28,306,0,0,0,0,0
BR,Brazil,country,Latin America and the Caribbean,-14.235004,-51.92528,CO,Colombia,country,Latin America and the Caribbean,4.570868,-74.297333,2013,1001621,827008,70,124619,0,183,252,107,257,0,110,31805,1825,9899,3674,1730,876,0,82,0,0,0,0,0
BR,Brazil,country,Latin America and the Caribbean,-14.235004,-51.92528,KM,Comoros,country,Sub-Saharan Africa,-11.875001,43.872219,2013,662,0,0,286,0,0,0,0,0,0,0,0,5,0,0,0,0,371,0,0,0,0,0,0
BR,Brazil,country,Latin America and the Caribbean,-14.235004,-51.92528,CG,"Congo, Rep.",country,Sub-Saharan Africa,-0.228021,15.827659,2013,32808,235,0,983,0,0,0,0,0,0,0,426,185,2665,28,72,1492,28214,0,0,0,0,0,0
BR,Brazil,country,Latin America and the Caribbean,-14.235004,-51.92528,CK,Cook Islands,country,East Asia and Pacific,-21.236736,-159.777671,2013,24,0,0,0,0,0,0,0,0,0,0,0,0,0,0,0,0,24,0,0,0,0,0,0
BR,Brazil,country,Latin America and the Caribbean,-14.235004,-51.92528,CR,Costa Rica,country,Latin America and the Caribbean,9.748917,-83.753428,2013,111840,104344,80,643,0,95,0,1,218,0,1,1827,171,4033,99,301,0,27,0,0,0,0,0,0
BR,Brazil,country,Latin America and the Caribbean,-14.235004,-51.92528,CI,Ivory Coast,country,Sub-Saharan Africa,7.539989,-5.54708,2013,74761,288,0,62890,0,0,0,0,0,0,28,185,48,1659,826,0,0,8804,33,0,0,0,0,0
BR,Brazil,country,Latin America and the Caribbean,-14.235004,-51.92528,HR,Croatia,country,Europe and Central Asia,45.1,15.2,2013,346651,0,0,241247,0,0,0,0,0,0,0,96204,4716,127,0,17,0,4340,0,0,0,0,0,0
BR,Brazil,country,Latin America and the Caribbean,-14.235004,-51.92528,CU,Cuba,country,Latin America and the Caribbean,21.521757,-77.781167,2013,460823,262262,0,1272,0,0,27,0,0,0,0,61571,10780,439,74955,2047,0,47290,180,0,0,0,0,0
BR,Brazil,country,Latin America and the Caribbean,-14.235004,-51.92528,CY,Cyprus,country,Europe and Central Asia,35.126413,33.429859,2013,6428,0,0,2752,0,0,0,0,1422,0,0,0,1766,0,0,7,0,481,0,0,0,0,0,0
BR,Brazil,country,Latin America and the Caribbean,-14.235004,-51.92528,CZ,Czech Republic,country,Europe and Central Asia,49.817492,15.472962,2013,5396,0,0,59,0,0,0,0,5,0,0,179,1171,2851,0,14,0,1117,0,0,0,0,0,0
BR,Brazil,country,Latin America and the Caribbean,-14.235004,-51.92528,KP,"Korea, Dem. Rep.",country,East Asia and Pacific,40.339852,127.510093,2013,33358,27406,0,5803,0,0,0,0,0,48,0,0,0,101,0,0,0,0,0,0,0,0,0,0
BR,Brazil,country,Latin America and the Caribbean,-14.235004,-51.92528,CD,"Congo, Dem. Rep.",country,Sub-Saharan Africa,-4.038333,21.758664,2013,78966,358,0,61795,0,0,15,0,0,0,0,65,191,81,75,0,2848,15854,532,0,0,0,0,0
BR,Brazil,country,Latin America and the Caribbean,-14.235004,-51.92528,DK,Denmark,country,Europe and Central Asia,56.26392,9.501785,2013,175566,0,0,1967,0,21,0,1044,2762,0,0,162285,4309,1593,716,31,0,838,0,0,0,0,0,0
BR,Brazil,country,Latin America and the Caribbean,-14.235004,-51.92528,DJ,Djibouti,country,Middle East and North Africa,11.825138,42.590275,2013,40767,1,0,34690,0,0,0,0,0,0,0,0,597,1326,0,0,0,4153,0,0,0,0,0,0
BR,Brazil,country,Latin America and the Caribbean,-14.235004,-51.92528,DM,Dominica,country,Latin America and the Caribbean,15.414999,-61.370976,2013,691,17,0,0,0,0,0,0,0,0,0,0,0,10,50,0,0,614,0,0,0,0,0,0
BR,Brazil,country,Latin America and the Caribbean,-14.235004,-51.92528,DO,Dominican Republic,country,Latin America and the Caribbean,18.735693,-70.162651,2013,561618,549866,200,1488,0,0,0,0,126,0,44,471,494,2458,6104,294,0,0,73,0,0,0,0,0
BR,Brazil,country,Latin America and the Caribbean,-14.235004,-51.92528,EC,Ecuador,country,Latin America and the Caribbean,-1.831239,-78.183406,2013,107279,32141,0,500,0,9,0,0,363,2704,27,64685,3766,2034,490,65,2140,214,281,0,0,0,0,0
BR,Brazil,country,Latin America and the Caribbean,-14.235004,-51.92528,EG,Egypt,country,Middle East and North Africa,26.820553,30.802498,2013,3043148,1659153,0,1038874,15691,0,764,0,342,0,191,17830,3277,16356,59241,0,19281,231429,0,0,0,0,0,0
BR,Brazil,country,Latin America and the Caribbean,-14.235004,-51.92528,GQ,Equatorial Guinea,country,Sub-Saharan Africa,1.650801,10.267895,2013,16631,769,0,3405,43,0,2,20,35,0,0,132,68,481,36,383,2,10677,580,0,0,0,0,0
BR,Brazil,country,Latin America and the Caribbean,-14.235004,-51.92528,ER,Eritrea,country,Sub-Saharan Africa,15.179384,39.782334,2013,20300,0,0,20300,0,0,0,0,0,0,0,0,0,0,0,0,0,0,0,0,0,0,0,0
BR,Brazil,country,Latin America and the Caribbean,-14.235004,-51.92528,EE,Estonia,country,Europe and Central Asia,58.595272,25.013607,2013,955,0,0,5,0,175,0,0,26,0,0,0,544,202,0,3,0,0,0,0,0,0,0,0
BR,Brazil,country,Latin America and the Caribbean,-14.235004,-51.92528,ET,Ethiopia,country,Sub-Saharan Africa,9.145,40.489673,2013,585,0,0,59,0,0,0,0,0,0,0,0,11,515,0,0,0,0,0,0,0,0,0,0
BR,Brazil,country,Latin America and the Caribbean,-14.235004,-51.92528,FO,Faroe Islands,country,Europe and Central Asia,61.892635,-6.911806,2013,48,0,0,0,0,0,0,0,0,0,0,0,0,0,0,0,0,48,0,0,0,0,0,0
BR,Brazil,country,Latin America and the Caribbean,-14.235004,-51.92528,FJ,Fiji,country,East Asia and Pacific,-16.578193,179.414413,2013,102,37,0,3,0,0,0,0,0,0,0,0,14,48,0,0,0,0,0,0,0,0,0,0
BR,Brazil,country,Latin America and the Caribbean,-14.235004,-51.92528,FI,Finland,country,Europe and Central Asia,61.92411,25.748151,2013,96480,0,3,24231,0,0,39599,0,1671,0,0,107,30087,0,0,37,0,745,0,0,0,0,0,0
BR,Brazil,country,Latin America and the Caribbean,-14.235004,-51.92528,FR,France,country,Europe and Central Asia,46.227638,2.213749,2013,1947496,13571,6,125278,14,623,149704,113,14163,48,1941,1545764,47246,33137,6048,709,1,9131,0,0,0,0,0,0
BR,Brazil,country,Latin America and the Caribbean,-14.235004,-51.92528,PF,French Polynesia,country,East Asia and Pacific,-17.679742,-149.406843,2013,90,0,0,71,0,0,0,0,0,0,0,0,19,0,0,0,0,0,0,0,0,0,0,0
BR,Brazil,country,Latin America and the Caribbean,-14.235004,-51.92528,GA,Gabon,country,Sub-Saharan Africa,-0.803689,11.609444,2013,23955,109,0,4638,0,0,0,0,1,0,0,0,26,491,0,0,0,18690,0,0,0,0,0,0
BR,Brazil,country,Latin America and the Caribbean,-14.235004,-51.92528,GM,The Gambia,country,Sub-Saharan Africa,13.443182,-15.310139,2013,169306,70448,0,92829,0,0,0,0,0,0,25,0,45,8,93,0,0,5858,0,0,0,0,0,0
BR,Brazil,country,Latin America and the Caribbean,-14.235004,-51.92528,GE,Georgia,country,Europe and Central Asia,42.315407,43.356892,2013,443612,0,0,417203,0,0,0,0,0,0,0,232,367,1988,0,0,0,23716,106,0,0,0,0,0
BR,Brazil,country,Latin America and the Caribbean,-14.235004,-51.92528,DE,Germany,country,Europe and Central Asia,51.165691,10.451526,2013,2238818,120732,166,9291,0,258,318083,3995,26192,1618,10192,1244057,331921,74697,10732,2976,19,83902,6,0,0,0,0,0
BR,Brazil,country,Latin America and the Caribbean,-14.235004,-51.92528,GH,Ghana,country,Sub-Saharan Africa,7.946527,-1.023194,2013,391712,222,0,334733,0,0,0,0,662,0,11,8961,429,4237,87,113,0,42257,0,0,0,0,0,0
BR,Brazil,country,Latin America and the Caribbean,-14.235004,-51.92528,GR,Greece,country,Europe and Central Asia,39.074208,21.824312,2013,103266,178,0,61237,0,0,0,0,488,25,30,11616,24693,3937,0,30,0,1022,0,10,0,0,0,0
BR,Brazil,country,Latin America and the Caribbean,-14.235004,-51.92528,GD,Grenada,country,Latin America and the Caribbean,12.262776,-61.604171,2013,3567,0,0,0,0,0,0,0,0,0,0,0,0,43,0,0,0,3467,57,0,0,0,0,0
BR,Brazil,country,Latin America and the Caribbean,-14.235004,-51.92528,GU,Guam,country,East Asia and Pacific,13.444304,144.793731,2013,36,0,0,0,0,0,0,0,0,0,0,0,0,0,0,0,0,36,0,0,0,0,0,0
BR,Brazil,country,Latin America and the Caribbean,-14.235004,-51.92528,GT,Guatemala,country,Latin America and the Caribbean,15.783471,-90.230759,2013,118915,117270,115,129,0,152,0,0,110,0,53,410,152,405,77,42,0,0,0,0,0,0,0,0
BR,Brazil,country,Latin America and the Caribbean,-14.235004,-51.92528,GN,Guinea,country,Sub-Saharan Africa,9.945587,-9.696645,2013,71480,297,0,67334,0,0,0,0,0,0,0,0,0,16,12,0,0,3821,0,0,0,0,0,0
BR,Brazil,country,Latin America and the Caribbean,-14.235004,-51.92528,GW,Guinea-Bissau,country,Sub-Saharan Africa,11.803749,-15.180413,2013,7413,108,0,6782,0,0,0,0,0,0,0,0,4,2,24,0,0,431,62,0,0,0,0,0
BR,Brazil,country,Latin America and the Caribbean,-14.235004,-51.92528,GY,Guyana,country,Latin America and the Caribbean,4.860416,-58.93018,2013,3904,904,0,17,25,0,910,0,0,0,0,127,5,29,332,241,0,1314,0,0,0,0,0,0
BR,Brazil,country,Latin America and the Caribbean,-14.235004,-51.92528,HT,Haiti,country,Latin America and the Caribbean,18.971187,-72.285215,2013,19504,7030,0,3268,0,0,0,0,0,0,0,26,71,148,29,1514,0,7322,96,0,0,0,0,0
BR,Brazil,country,Latin America and the Caribbean,-14.235004,-51.92528,HN,Honduras,country,Latin America and the Caribbean,15.199999,-86.241905,2013,32780,29584,0,135,0,0,0,0,114,0,14,78,3,2531,0,0,0,251,70,0,0,0,0,0
BR,Brazil,country,Latin America and the Caribbean,-14.235004,-51.92528,HU,Hungary,country,Europe and Central Asia,47.162494,19.503304,2013,5437,17,0,43,0,0,1400,0,0,0,0,0,2005,879,0,0,0,1093,0,0,0,0,0,0
BR,Brazil,country,Latin America and the Caribbean,-14.235004,-51.92528,IS,Iceland,country,Europe and Central Asia,64.963051,-19.020835,2013,400,0,0,0,0,0,0,0,0,0,0,0,400,0,0,0,0,0,0,0,0,0,0,0
BR,Brazil,country,Latin America and the Caribbean,-14.235004,-51.92528,IN,India,country,South Asia,20.593684,78.96288,2013,1279028,2132,0,1013697,9690,0,500,0,1490,1301,288,1608,461,5941,241920,0,38,0,0,0,0,0,0,0
BR,Brazil,country,Latin America and the Caribbean,-14.235004,-51.92528,ID,Indonesia,country,East Asia and Pacific,-0.789275,113.921327,2013,3319996,1346044,0,1226499,981,0,498,0,1344,121920,0,593118,6405,22996,0,0,0,27,0,164,0,0,0,0
BR,Brazil,country,Latin America and the Caribbean,-14.235004,-51.92528,IR,Iran,country,Middle East and North Africa,32.427908,53.688046,2013,3867133,2214265,0,827036,0,0,131325,0,0,0,0,535476,73,3041,84000,0,0,71917,0,0,0,0,0,0
BR,Brazil,country,Latin America and the Caribbean,-14.235004,-51.92528,IQ,Iraq,country,Middle East and North Africa,33.223191,43.679291,2013,189422,0,0,113406,0,0,0,0,11,0,0,0,3,0,0,2,0,76000,0,0,0,0,0,0
BR,Brazil,country,Latin America and the Caribbean,-14.235004,-51.92528,IE,Ireland,country,Europe and Central Asia,53.41291,-8.24389,2013,211180,67881,5,25,17,0,250,2738,7450,0,0,117544,755,7488,664,53,0,6310,0,0,0,0,0,0
BR,Brazil,country,Latin America and the Caribbean,-14.235004,-51.92528,IL,Israel,country,Middle East and North Africa,31.046051,34.851612,2013,665375,372650,0,240007,0,95,15100,0,10453,0,82,1933,5479,899,582,11,0,18000,0,84,0,0,0,0
BR,Brazil,country,Latin America and the Caribbean,-14.235004,-51.92528,IT,Italy,country,Europe and Central Asia,41.87194,12.56738,2013,1108204,81077,23,53308,282,679,356691,5332,8113,1043,353,362347,161707,7605,33353,277,0,35993,0,21,0,0,0,0
BR,Brazil,country,Latin America and the Caribbean,-14.235004,-51.92528,JM,Jamaica,country,Latin America and the Caribbean,18.109581,-77.297508,2013,35259,29461,0,277,0,0,225,0,466,0,40,2218,305,0,0,0,0,2267,0,0,0,0,0,0
BR,Brazil,country,Latin America and the Caribbean,-14.235004,-51.92528,JP,Japan,country,East Asia and Pacific,36.204824,138.252924,2013,5238856,3739451,3,1108,84,4,610830,76,62326,18075,25,233129,154986,16063,7519,1426,0,393645,32,0,74,0,0,0
BR,Brazil,country,Latin America and the Caribbean,-14.235004,-51.92528,JO,Jordan,country,Middle East and North Africa,30.585164,36.238414,2013,260293,126181,0,43868,0,0,0,0,0,0,39,200,11086,233,168,0,34868,78481,37,0,0,0,0,0
BR,Brazil,country,Latin America and the Caribbean,-14.235004,-51.92528,KE,Kenya,country,Sub-Saharan Africa,-0.023559,37.906193,2013,11786,46,0,7341,0,0,0,0,186,0,0,0,759,115,440,0,0,2899,0,0,0,0,0,0
BR,Brazil,country,Latin America and the Caribbean,-14.235004,-51.92528,KI,Kiribati,country,East Asia and Pacific,-3.370417,-168.734039,2013,236,0,0,213,0,0,0,0,0,0,0,0,0,6,0,0,0,17,0,0,0,0,0,0
BR,Brazil,country,Latin America and the Caribbean,-14.235004,-51.92528,KW,Kuwait,country,Middle East and North Africa,29.31166,47.481766,2013,228963,109671,0,424,0,101,0,0,1188,0,43,181,308,467,0,0,0,115846,734,0,0,0,0,0
BR,Brazil,country,Latin America and the Caribbean,-14.235004,-51.92528,KG,Kyrgyz Rep.,country,Europe and Central Asia,41.20438,74.766098,2013,5350,0,0,0,0,0,0,0,0,0,0,0,0,0,0,0,0,5350,0,0,0,0,0,0
BR,Brazil,country,Latin America and the Caribbean,-14.235004,-51.92528,LV,Latvia,country,Europe and Central Asia,56.879635,24.603189,2013,9178,0,0,6396,0,143,970,0,173,0,11,0,855,630,0,0,0,0,0,0,0,0,0,0
BR,Brazil,country,Latin America and the Caribbean,-14.235004,-51.92528,LB,Lebanon,country,Middle East and North Africa,33.854721,35.862285,2013,108575,161,0,51430,8,762,0,0,428,0,0,437,26766,953,500,71,129570,26859,200,0,0,0,0,0
BR,Brazil,country,Latin America and the Caribbean,-14.235004,-51.92528,LR,Liberia,country,Sub-Saharan Africa,6.428055,-9.429499,2013,22004,685,0,13490,0,0,0,0,0,0,0,0,52,157,0,0,0,7620,0,0,0,0,0,0
BR,Brazil,country,Latin America and the Caribbean,-14.235004,-51.92528,LY,Libya,country,Middle East and North Africa,26.3351,17.228331,2013,183440,1388,0,111503,0,0,0,0,681,0,0,26,2677,0,0,0,0,67084,81,0,0,0,0,0
BR,Brazil,country,Latin America and the Caribbean,-14.235004,-51.92528,LT,Lithuania,country,Europe and Central Asia,55.169438,23.881275,2013,159976,167,0,152693,0,0,73,0,300,0,0,185,442,5644,0,0,0,472,0,0,0,0,0,0
BR,Brazil,country,Latin America and the Caribbean,-14.235004,-51.92528,LU,Luxembourg,country,Europe and Central Asia,49.815273,6.129583,2013,2101,0,0,0,0,0,0,0,293,0,0,0,0,1802,0,6,0,0,0,0,0,0,0,0
BR,Brazil,country,Latin America and the Caribbean,-14.235004,-51.92528,MG,Madagascar,country,Sub-Saharan Africa,-18.766947,46.869107,2013,33077,14,0,32673,0,0,0,0,0,0,0,0,289,0,0,20,0,81,0,0,0,0,0,0
BR,Brazil,country,Latin America and the Caribbean,-14.235004,-51.92528,MW,Malawi,country,Sub-Saharan Africa,-13.254308,34.301525,2013,0,0,0,0,0,0,0,0,0,0,0,0,0,0,0,0,0,0,0,0,0,0,0,0
BR,Brazil,country,Latin America and the Caribbean,-14.235004,-51.92528,MY,Malaysia,country,East Asia and Pacific,4.210484,101.975766,2013,2433223,1002289,0,1295926,0,0,93345,0,1771,27829,0,1051,4235,6194,21,2,0,560,0,0,0,0,0,0
BR,Brazil,country,Latin America and the Caribbean,-14.235004,-51.92528,MV,Maldives,country,South Asia,3.202778,73.22068,2013,7894,28,0,0,0,0,0,0,0,0,0,0,0,0,0,0,0,7866,0,0,0,0,0,0
BR,Brazil,country,Latin America and the Caribbean,-14.235004,-51.92528,ML,Mali,country,Sub-Saharan Africa,17.570692,-3.996166,2013,1907,0,0,1690,0,0,0,0,0,0,168,0,16,0,0,0,0,27,6,0,0,0,0,0
BR,Brazil,country,Latin America and the Caribbean,-14.235004,-51.92528,MT,Malta,country,Middle East and North Africa,35.937496,14.375416,2013,22836,0,0,21830,0,0,0,0,154,0,14,78,140,2,0,0,0,618,0,0,0,0,0,0
BR,Brazil,country,Latin America and the Caribbean,-14.235004,-51.92528,MH,Marshall Islands,country,East Asia and Pacific,7.131474,171.184478,2013,25,0,0,0,0,0,0,0,0,0,0,0,0,0,0,0,0,25,0,0,0,0,0,0
BR,Brazil,country,Latin America and the Caribbean,-14.235004,-51.92528,MR,Mauritania,country,Sub-Saharan Africa,21.00789,-10.940835,2013,327329,364,0,324219,0,0,0,0,0,0,0,0,0,20,0,0,0,2726,0,0,0,0,0,0
BR,Brazil,country,Latin America and the Caribbean,-14.235004,-51.92528,MU,Mauritius,country,Sub-Saharan Africa,-20.348404,57.552152,2013,31021,176,0,27578,0,0,0,0,17,422,0,0,25,38,0,21,0,2584,160,0,0,0,0,0
BR,Brazil,country,Latin America and the Caribbean,-14.235004,-51.92528,MX,Mexico,country,Latin America and the Caribbean,23.634501,-102.552784,2013,372134,67938,1,300,0,882,281271,1,772,0,2324,1161,7854,3859,5145,52,0,319,0,255,0,0,0,0
BR,Brazil,country,Latin America and the Caribbean,-14.235004,-51.92528,FM,Micronesia,country,East Asia and Pacific,7.425554,150.550812,2013,13057,0,0,0,0,0,0,0,0,0,0,0,0,143,0,0,0,12914,0,0,0,0,0,0
BR,Brazil,country,Latin America and the Caribbean,-14.235004,-51.92528,MN,Mongolia,country,East Asia and Pacific,46.862496,103.846656,2013,357,0,0,352,0,0,0,0,0,0,0,0,5,0,0,0,0,0,0,0,0,0,0,0
BR,Brazil,country,Latin America and the Caribbean,-14.235004,-51.92528,MS,Montserrat,country,Latin America and the Caribbean,16.7425,-62.1874,2013,12,0,0,0,0,0,0,0,0,0,0,0,0,12,0,0,0,0,0,0,0,0,0,0
BR,Brazil,country,Latin America and the Caribbean,-14.235004,-51.92528,MA,Morocco,country,Middle East and North Africa,31.791702,-7.09262,2013,1918615,982138,0,881272,0,0,0,0,136,790,30,0,803,2751,49786,5,0,904,0,0,0,0,0,0
BR,Brazil,country,Latin America and the Caribbean,-14.235004,-51.92528,MZ,Mozambique,country,Sub-Saharan Africa,-18.665695,35.529562,2013,52206,37029,0,685,0,1,80,0,0,0,0,4860,71,318,54,41,0,9067,0,0,0,0,0,0
BR,Brazil,country,Latin America and the Caribbean,-14.235004,-51.92528,MM,Myanmar,country,East Asia and Pacific,21.913965,95.956223,2013,6361,0,0,5200,0,0,0,0,0,0,0,0,1161,0,0,0,0,0,0,0,0,0,0,0
BR,Brazil,country,Latin America and the Caribbean,-14.235004,-51.92528,NA,Namibia,country,Sub-Saharan Africa,-22.95764,18.49041,2013,8319,1005,0,5205,0,0,0,0,0,0,0,0,19,10,0,0,0,2080,0,0,0,0,0,0
BR,Brazil,country,Latin America and the Caribbean,-14.235004,-51.92528,NP,Nepal,country,South Asia,28.394857,84.124008,2013,13,0,0,0,0,0,0,0,0,0,11,0,0,2,0,0,0,0,0,0,0,0,0,0
BR,Brazil,country,Latin America and the Caribbean,-14.235004,-51.92528,NL,Netherlands,country,Europe and Central Asia,52.132633,5.291266,2013,8309672,793574,548,40649,78,3604,1613606,99252,790173,669,2902,4498521,21023,52053,104909,413,7,287555,12,131,0,0,0,0
BR,Brazil,country,Latin America and the Caribbean,-14.235004,-51.92528,NC,New Caledonia,country,East Asia and Pacific,-20.904305,165.618042,2013,1863,0,0,0,0,0,0,0,95,0,0,0,0,0,0,0,0,1768,0,0,0,0,0,0
BR,Brazil,country,Latin America and the Caribbean,-14.235004,-51.92528,NZ,New Zealand,country,East Asia and Pacific,-40.900557,174.885971,2013,41320,78,0,30627,0,95,0,0,2152,0,0,74,1860,2266,3686,3,0,116,363,0,0,0,0,0
BR,Brazil,country,Latin America and the Caribbean,-14.235004,-51.92528,NI,Nicaragua,country,Latin America and the Caribbean,12.865416,-85.207229,2013,107959,106856,0,186,0,0,0,0,0,0,0,121,630,166,0,0,0,0,0,0,0,0,0,0
BR,Brazil,country,Latin America and the Caribbean,-14.235004,-51.92528,NE,Niger,country,Sub-Saharan Africa,17.607789,8.081666,2013,742,0,0,540,0,0,0,0,0,0,0,0,0,5,0,0,0,197,0,0,0,0,0,0
BR,Brazil,country,Latin America and the Caribbean,-14.235004,-51.92528,NG,Nigeria,country,Sub-Saharan Africa,9.081999,8.675277,2013,1386900,445,0,1376689,0,0,10,0,0,0,22,1522,113,7038,0,81,0,980,0,0,0,0,0,0
BR,Brazil,country,Latin America and the Caribbean,-14.235004,-51.92528,NO,Norway,country,Europe and Central Asia,60.472024,8.468946,2013,345536,0,0,0,0,0,315224,16,1269,0,0,13875,14994,0,0,3,0,155,0,0,0,0,0,0
BR,Brazil,country,Latin America and the Caribbean,-14.235004,-51.92528,OM,Oman,country,Middle East and North Africa,21.512583,55.923255,2013,106529,36005,0,1140,0,0,0,0,1275,0,0,0,401,213,54,0,0,66882,559,0,0,0,0,0
BR,Brazil,country,Latin America and the Caribbean,-14.235004,-51.92528,PK,Pakistan,country,South Asia,30.375321,69.345116,2013,38786,3058,0,0,2540,0,0,0,24,24864,510,448,200,975,6089,0,0,78,0,0,0,0,0,0
BR,Brazil,country,Latin America and the Caribbean,-14.235004,-51.92528,PW,Palau,country,East Asia and Pacific,7.51498,134.58252,2013,8062,411,0,110,0,0,0,0,3,0,0,0,0,0,0,0,0,7538,0,0,0,0,0,0
BR,Brazil,country,Latin America and the Caribbean,-14.235004,-51.92528,PA,Panama,country,Latin America and the Caribbean,8.537981,-80.782127,2013,122510,113759,4,811,0,11,5,35,655,1,0,2207,332,837,2441,421,0,991,0,0,0,0,0,0
BR,Brazil,country,Latin America and the Caribbean,-14.235004,-51.92528,PG,Papua New Guinea,country,East Asia and Pacific,-6.314993,143.95555,2013,203,21,0,182,0,0,0,0,0,0,0,0,0,0,0,0,0,0,0,0,0,0,0,0
BR,Brazil,country,Latin America and the Caribbean,-14.235004,-51.92528,PY,Paraguay,country,Latin America and the Caribbean,-23.442503,-58.443832,2013,264428,29553,77,10638,79,42,3036,9578,2214,218,33,51899,6540,38192,9470,94814,33135,5350,2695,0,0,0,0,0
BR,Brazil,country,Latin America and the Caribbean,-14.235004,-51.92528,PE,Peru,country,Latin America and the Caribbean,-9.189967,-75.015152,2013,186488,143928,0,4705,0,79,0,0,257,0,496,1334,972,4006,11300,5293,2116,13322,796,0,0,0,0,0
BR,Brazil,country,Latin America and the Caribbean,-14.235004,-51.92528,PH,Philippines,country,East Asia and Pacific,12.879721,121.774017,2013,75789,10674,0,150,0,0,104,0,612,1131,0,6179,18,18581,540,4,0,34945,2851,0,0,0,0,0
BR,Brazil,country,Latin America and the Caribbean,-14.235004,-51.92528,PL,Poland,country,Europe and Central Asia,51.919438,19.145136,2013,138562,0,0,33407,0,16,3778,0,4755,0,7,75683,5523,15352,22,19,0,0,0,0,0,0,0,0
BR,Brazil,country,Latin America and the Caribbean,-14.235004,-51.92528,PT,Portugal,country,Europe and Central Asia,39.399872,-8.224454,2013,865286,507888,155,72295,1213,276,201658,0,15801,6556,0,39541,7041,9270,457,938,1,2197,0,0,0,0,0,0
BR,Brazil,country,Latin America and the Caribbean,-14.235004,-51.92528,QA,Qatar,country,Middle East and North Africa,25.354826,51.183884,2013,63567,0,0,0,0,0,4,0,98,0,11,0,305,607,0,0,0,61812,730,0,0,0,0,0
BR,Brazil,country,Latin America and the Caribbean,-14.235004,-51.92528,KR,"Korea, Rep.",country,East Asia and Pacific,35.907757,127.766922,2013,5519309,3676762,0,145318,0,0,350475,0,619,127442,0,1131942,22230,10550,683,1,0,53285,2,0,0,0,0,0
BR,Brazil,country,Latin America and the Caribbean,-14.235004,-51.92528,RO,Romania,country,Europe and Central Asia,45.943161,24.96676,2013,448093,0,0,184919,0,0,73254,0,0,0,51,175836,2850,5103,71,0,0,6009,0,0,0,0,0,0
BR,Brazil,country,Latin America and the Caribbean,-14.235004,-51.92528,RU,Russian Federation,country,Europe and Central Asia,61.52401,105.318756,2013,1986161,333,0,1385807,0,178,9680,192,2311,0,165,713,32710,47312,45,14807,0,491908,0,0,0,0,0,0
BR,Brazil,country,Latin America and the Caribbean,-14.235004,-51.92528,KN,St. Kitts and Nevis,country,Latin America and the Caribbean,17.357822,-62.782998,2013,773,0,0,0,0,0,0,0,0,0,0,0,0,0,14,0,0,759,0,0,0,0,0,0
BR,Brazil,country,Latin America and the Caribbean,-14.235004,-51.92528,LC,St. Lucia,country,Latin America and the Caribbean,13.909444,-60.978893,2013,106,0,0,0,0,0,0,0,0,0,0,0,0,0,0,0,0,106,0,0,0,0,0,0
BR,Brazil,country,Latin America and the Caribbean,-14.235004,-51.92528,VC,St. Vincent & Grenadines,country,Latin America and the Caribbean,12.984305,-61.287228,2013,3038,2924,0,0,0,0,0,0,0,0,0,0,0,2,25,0,0,87,0,0,0,0,0,0
BR,Brazil,country,Latin America and the Caribbean,-14.235004,-51.92528,ST,Sao Tome and Principe,country,Sub-Saharan Africa,0.18636,6.613081,2013,153,0,0,33,0,0,0,0,0,0,0,0,0,0,0,0,110,120,0,0,0,0,0,0
BR,Brazil,country,Latin America and the Caribbean,-14.235004,-51.92528,SA,Saudi Arabia,country,Middle East and North Africa,23.885942,45.079162,2013,3349034,1198944,0,1045938,0,0,398410,0,1159,0,102,664,3838,997,4,0,0,693410,5568,0,0,0,0,0
BR,Brazil,country,Latin America and the Caribbean,-14.235004,-51.92528,SN,Senegal,country,Sub-Saharan Africa,14.497401,-14.452362,2013,262129,140074,0,111335,0,0,0,0,0,0,194,20,24,1366,7745,11,11,471,841,48,0,0,0,0
BR,Brazil,country,Latin America and the Caribbean,-14.235004,-51.92528,SC,Seychelles,country,Sub-Saharan Africa,-4.679574,55.491977,2013,3265,3,0,65,0,0,0,0,0,0,0,0,7,263,0,0,0,2927,0,0,0,0,0,0
BR,Brazil,country,Latin America and the Caribbean,-14.235004,-51.92528,SL,Sierra Leone,country,Sub-Saharan Africa,8.460555,-11.779889,2013,111646,75087,0,31028,0,0,0,0,0,0,0,0,69,577,52,0,0,4833,0,0,0,0,0,0
BR,Brazil,country,Latin America and the Caribbean,-14.235004,-51.92528,SG,Singapore,country,East Asia and Pacific,1.352083,103.819836,2013,168942,0,0,2052,0,0,22675,280,2041,1021,1169,652,2107,6580,9456,15,0,120893,1,0,0,0,0,0
BR,Brazil,country,Latin America and the Caribbean,-14.235004,-51.92528,SK,Slovak Rep.,country,Europe and Central Asia,48.669026,19.699024,2013,530847,0,0,19,0,0,251,0,28,0,0,488864,41682,3,0,0,0,0,0,0,0,0,0,0
BR,Brazil,country,Latin America and the Caribbean,-14.235004,-51.92528,SI,Slovenia,country,Europe and Central Asia,46.151241,14.995463,2013,92,0,0,0,0,0,0,0,70,0,0,0,22,0,0,0,0,0,0,0,0,0,0,0
BR,Brazil,country,Latin America and the Caribbean,-14.235004,-51.92528,SB,Solomon Islands,country,East Asia and Pacific,-9.64571,160.156194,2013,25,0,0,25,0,0,0,0,0,0,0,0,0,0,0,0,0,0,0,0,0,0,0,0
BR,Brazil,country,Latin America and the Caribbean,-14.235004,-51.92528,SO,Somalia,country,Sub-Saharan Africa,5.152149,46.199616,2013,41172,0,0,41172,0,0,0,0,0,0,0,0,0,0,0,0,0,0,0,0,0,0,0,0
BR,Brazil,country,Latin America and the Caribbean,-14.235004,-51.92528,ZA,S. Africa,country,Sub-Saharan Africa,-30.559482,22.937506,2013,832503,216159,60,410047,95,128,398,2,1064,0,32,1070,2365,7697,4385,508,0,188447,46,0,0,0,0,0
BR,Brazil,country,Latin America and the Caribbean,-14.235004,-51.92528,ES,Spain,country,Europe and Central Asia,40.463667,-3.74922,2013,3588908,1006102,134,165572,21,143,1964154,46516,47290,303,2300,244052,44281,10462,6241,4318,0,47019,0,0,0,0,0,0
BR,Brazil,country,Latin America and the Caribbean,-14.235004,-51.92528,LK,Sri Lanka,country,South Asia,7.873054,80.771797,2013,164115,0,0,163693,0,0,0,0,69,0,0,270,0,28,0,0,0,50,5,0,0,0,0,0
BR,Brazil,country,Latin America and the Caribbean,-14.235004,-51.92528,SR,Suriname,country,Latin America and the Caribbean,3.919305,-56.027783,2013,12986,268,30,2853,16,4,36,1,143,0,0,566,212,260,1402,1318,2510,5876,1,0,0,0,0,0
BR,Brazil,country,Latin America and the Caribbean,-14.235004,-51.92528,SZ,Swaziland,country,Sub-Saharan Africa,-26.522503,31.465866,2013,25,0,0,0,0,0,0,0,0,0,0,0,0,0,0,0,0,25,0,0,0,0,0,0
BR,Brazil,country,Latin America and the Caribbean,-14.235004,-51.92528,SE,Sweden,country,Europe and Central Asia,60.128161,18.643501,2013,63855,0,0,7613,0,0,29,237,4488,0,0,0,40095,604,6695,26,0,4068,0,0,0,0,0,0
BR,Brazil,country,Latin America and the Caribbean,-14.235004,-51.92528,CH,Switzerland,country,Europe and Central Asia,46.818188,8.227512,2013,118282,20308,2,13581,7,0,3833,0,47186,43,0,200,2305,8761,12,208,1,21836,0,0,0,0,0,0
BR,Brazil,country,Latin America and the Caribbean,-14.235004,-51.92528,SY,Syrian Arab Rep.,country,Middle East and North Africa,34.802075,38.996815,2013,46431,0,0,30240,0,0,0,0,0,0,0,0,16191,0,0,0,0,0,0,0,0,0,0,0
BR,Brazil,country,Latin America and the Caribbean,-14.235004,-51.92528,TJ,Tajikistan,country,Europe and Central Asia,38.861034,71.276093,2013,3016,0,0,0,0,0,0,0,0,0,0,0,0,0,0,0,0,3016,0,0,0,0,0,0
BR,Brazil,country,Latin America and the Caribbean,-14.235004,-51.92528,TH,Thailand,country,East Asia and Pacific,15.870032,100.992541,2013,2087617,49878,0,26,0,0,1063228,0,2031,35100,0,926712,77,2453,2,0,0,4014,0,4096,0,0,0,0
BR,Brazil,country,Latin America and the Caribbean,-14.235004,-51.92528,MK,Macedonia,country,Europe and Central Asia,41.608635,21.745275,2013,12810,0,0,35,0,0,0,0,0,0,0,0,19,407,0,0,0,12349,0,0,0,0,0,0
BR,Brazil,country,Latin America and the Caribbean,-14.235004,-51.92528,TL,Timor-Leste,country,East Asia and Pacific,-8.874217,125.727539,2013,2173,0,0,66,0,0,0,0,0,0,0,0,0,27,0,0,0,2080,0,0,0,0,0,0
BR,Brazil,country,Latin America and the Caribbean,-14.235004,-51.92528,TG,Togo,country,Sub-Saharan Africa,8.619543,0.824782,2013,142548,14,0,141260,0,0,0,0,0,0,0,0,11,45,0,10,0,1208,0,0,0,0,0,0
BR,Brazil,country,Latin America and the Caribbean,-14.235004,-51.92528,TO,Tonga,country,East Asia and Pacific,-21.178986,-175.198242,2013,491,0,0,402,0,0,0,0,0,0,0,0,0,32,0,0,0,57,0,0,0,0,0,0
BR,Brazil,country,Latin America and the Caribbean,-14.235004,-51.92528,TT,Trinidad and Tobago,country,Latin America and the Caribbean,10.691803,-61.222503,2013,24243,13934,0,1905,95,0,25,108,87,0,91,322,987,1158,1812,1,0,1496,2222,0,0,0,0,0
BR,Brazil,country,Latin America and the Caribbean,-14.235004,-51.92528,TN,Tunisia,country,Middle East and North Africa,33.886917,9.537499,2013,583168,306457,0,203201,0,0,0,0,37,25,30,21958,7558,1233,38061,0,0,3688,920,0,0,0,0,0
BR,Brazil,country,Latin America and the Caribbean,-14.235004,-51.92528,TR,Turkey,country,Europe and Central Asia,38.963745,35.243322,2013,302664,1844,0,38907,0,1,133893,0,1776,24193,317,45681,34628,13391,181,2,13429,7703,147,0,0,0,0,0
BR,Brazil,country,Latin America and the Caribbean,-14.235004,-51.92528,TM,Turkmenistan,country,Europe and Central Asia,38.969719,59.556278,2013,556,0,0,0,0,0,0,0,0,0,0,0,0,0,0,0,0,556,0,0,0,0,0,0
BR,Brazil,country,Latin America and the Caribbean,-14.235004,-51.92528,TC,Turks and Caicos Islands,country,Latin America and the Caribbean,21.694025,-71.797928,2013,16304,10000,0,0,0,0,6205,0,0,0,0,0,99,0,0,0,0,0,0,0,0,0,0,0
BR,Brazil,country,Latin America and the Caribbean,-14.235004,-51.92528,TV,Tuvalu,country,East Asia and Pacific,-7.109535,177.64933,2013,115,38,0,77,0,0,0,0,0,0,0,0,0,0,0,0,0,0,0,0,0,0,0,0
BR,Brazil,country,Latin America and the Caribbean,-14.235004,-51.92528,UG,Uganda,country,Sub-Saharan Africa,1.373333,32.290275,2013,285,0,0,0,0,0,0,0,0,0,0,0,1,0,0,0,0,284,0,0,0,0,0,0
BR,Brazil,country,Latin America and the Caribbean,-14.235004,-51.92528,UA,Ukraine,country,Europe and Central Asia,48.379433,31.16558,2013,104303,19,0,5024,0,0,1950,0,0,0,48,0,5904,14591,0,0,0,76767,0,0,0,0,0,0
BR,Brazil,country,Latin America and the Caribbean,-14.235004,-51.92528,AE,United Arab Emirates,country,Middle East and North Africa,23.424076,53.847818,2013,2762633,188434,0,2054311,125,9,27217,1727,9712,0,1052,174453,4901,18526,77,12,52,272839,9238,0,0,0,0,0
BR,Brazil,country,Latin America and the Caribbean,-14.235004,-51.92528,GB,United Kingdom,country,Europe and Central Asia,55.378051,-3.435973,2013,1151645,63579,1457,103847,97,488,462679,58972,119615,20,101,179714,35039,15583,272,341,4,109837,4,0,0,0,0,0
BR,Brazil,country,Latin America and the Caribbean,-14.235004,-51.92528,TZ,Tanzania,country,Sub-Saharan Africa,-6.369028,34.888822,2013,28798,0,0,28570,0,0,0,0,0,0,0,0,35,0,0,0,0,193,0,0,0,0,0,0
BR,Brazil,country,Latin America and the Caribbean,-14.235004,-51.92528,US,USA,country,North America,37.09024,-95.712891,2013,2651695,1137119,2707,167822,337,10731,324543,1077,452414,337,14614,1867,355914,139862,8685,6341,124,25563,390,44,1328,0,0,0
BR,Brazil,country,Latin America and the Caribbean,-14.235004,-51.92528,UY,Uruguay,country,Latin America and the Caribbean,-32.522779,-55.765835,2013,276647,17720,3505,91814,82,132,419,9943,34798,9477,161,20577,39050,4265,16238,2123,1025,25671,658,14,0,0,0,0
BR,Brazil,country,Latin America and the Caribbean,-14.235004,-51.92528,UZ,Uzbekistan,country,Europe and Central Asia,41.377491,64.585262,2013,58104,0,0,56097,0,0,0,0,0,0,0,0,25,1363,0,0,0,619,0,0,0,0,0,0
BR,Brazil,country,Latin America and the Caribbean,-14.235004,-51.92528,VU,Vanuatu,country,East Asia and Pacific,-15.376706,166.959158,2013,208,0,0,208,0,0,0,0,0,0,0,0,0,0,0,0,0,0,0,0,0,0,0,0
BR,Brazil,country,Latin America and the Caribbean,-14.235004,-51.92528,VE,Venezuela,country,Latin America and the Caribbean,6.42375,-66.58973,2013,1205924,210792,1200,540063,0,121,21739,0,316,502,63,8787,524,50180,30714,1068,483509,329346,10509,0,0,0,0,0
BR,Brazil,country,Latin America and the Caribbean,-14.235004,-51.92528,VN,Vietnam,country,East Asia and Pacific,14.058324,108.277199,2013,2309345,1193535,0,561,501,0,572281,0,954,38408,850,466590,429,14698,5356,1,0,15000,0,181,0,0,0,0
BR,Brazil,country,Latin America and the Caribbean,-14.235004,-51.92528,YE,Yemen,country,Middle East and North Africa,15.552727,48.516388,2013,796331,141798,0,566692,49,0,0,0,517,0,0,0,570,1222,0,0,0,85409,74,0,0,0,0,0
BR,Brazil,country,Latin America and the Caribbean,-14.235004,-51.92528,ZM,Zambia,country,Sub-Saharan Africa,-13.133897,27.849332,2013,157,0,0,0,0,0,0,0,0,0,0,0,0,0,0,0,0,157,0,0,0,0,0,0
BR,Brazil,country,Latin America and the Caribbean,-14.235004,-51.92528,ZW,Zimbabwe,country,Sub-Saharan Africa,-19.015438,29.154857,2013,2210,0,0,0,0,0,0,0,0,0,0,25,3,142,26,0,0,2014,0,0,0,0,0,0
