sourceCode,sourceName,sourceGrouping,sourceRegion,sourceLat,sourceLong,destCode,destName,destGrouping,destRegion,destLat,destLong,year,totalTons,cereals,roots,sugarCrops,pulses,nuts,oilCrops,vegetables,fruits,fibers,spices,fodderCrops,coffeeTea,tobaccoRubber,oilsFats,beverages,livestock,animalMeats,animalProducts,animalHides,nimalOther,pesticides,fertilizers,machinery
CN,China,country,East Asia and Pacific,35.86166,104.195397,AF,Afghanistan,country,South Asia,33.93911,67.709953,2013,5735,0,0,0,0,0,0,257,0,0,0,0,2080,706,0,0,0,2672,20,0,0,0,0,0
CN,China,country,East Asia and Pacific,35.86166,104.195397,AL,Albania,country,Europe and Central Asia,41.153332,20.168331,2013,5284,7,0,590,334,8,462,1225,58,0,257,0,39,391,0,0,0,1863,50,0,0,0,0,0
CN,China,country,East Asia and Pacific,35.86166,104.195397,DZ,Algeria,country,Middle East and North Africa,28.033886,1.659626,2013,79259,87,0,1799,4565,479,151,43555,4083,0,1137,15,13436,9306,54,122,0,0,470,0,0,0,0,0
CN,China,country,East Asia and Pacific,35.86166,104.195397,AO,Angola,country,Sub-Saharan Africa,-11.202692,17.873887,2013,35956,631,85,6097,730,0,55,21260,1341,3,91,0,439,3851,112,423,0,838,0,0,0,0,0,0
CN,China,country,East Asia and Pacific,35.86166,104.195397,AG,Antigua & Barbuda,country,Latin America and the Caribbean,17.060816,-61.796428,2013,60,0,0,0,0,0,1,24,0,0,1,0,0,34,0,0,0,0,0,0,0,0,0,0
CN,China,country,East Asia and Pacific,35.86166,104.195397,AR,Argentina,country,Latin America and the Caribbean,-38.416097,-63.616672,2013,20620,0,22,1764,288,2,0,9157,277,0,157,6040,228,2666,11,8,0,0,0,0,0,0,0,0
CN,China,country,East Asia and Pacific,35.86166,104.195397,AM,Armenia,country,Europe and Central Asia,40.069099,45.038189,2013,4700,1343,0,1375,0,0,325,859,2,0,0,0,25,124,0,0,0,647,0,0,0,0,0,0
CN,China,country,East Asia and Pacific,35.86166,104.195397,AW,Aruba,country,Latin America and the Caribbean,12.52111,-69.968338,2013,117,0,0,0,0,0,0,81,18,0,0,0,0,18,0,0,0,0,0,0,0,0,0,0
CN,China,country,East Asia and Pacific,35.86166,104.195397,AU,Australia,country,East Asia and Pacific,-25.274398,133.775136,2013,288642,20742,499,47670,49,4660,6793,60381,33460,126,1005,10455,6036,76132,2323,12765,0,352,5148,14,32,0,0,0
CN,China,country,East Asia and Pacific,35.86166,104.195397,AT,Austria,country,Europe and Central Asia,47.516231,14.550072,2013,6136,1,0,61,151,0,162,1236,1634,0,350,7,0,1646,0,882,0,0,6,0,0,0,0,0
CN,China,country,East Asia and Pacific,35.86166,104.195397,AZ,Azerbaijan,country,Europe and Central Asia,40.143105,47.576927,2013,4571,1428,70,32,0,139,313,415,69,0,0,3,98,140,105,31,0,1728,0,0,0,0,0,0
CN,China,country,East Asia and Pacific,35.86166,104.195397,BS,The Bahamas,country,Latin America and the Caribbean,25.03428,-77.39628,2013,391,0,0,0,0,0,0,197,72,0,0,0,0,57,0,13,0,52,0,0,0,0,0,0
CN,China,country,East Asia and Pacific,35.86166,104.195397,BH,Bahrain,country,Middle East and North Africa,25.930414,50.637772,2013,19789,85,361,120,70,213,101,8956,320,0,1140,0,35,316,0,61,0,8011,0,0,0,0,0,0
CN,China,country,East Asia and Pacific,35.86166,104.195397,BD,Bangladesh,country,South Asia,23.684994,90.356331,2013,239293,694,0,15048,0,4,95,56068,103950,116,51040,1738,194,9674,658,0,0,0,10,0,4,0,0,0
CN,China,country,East Asia and Pacific,35.86166,104.195397,BB,Barbados,country,Latin America and the Caribbean,13.193887,-59.543198,2013,320,3,0,3,0,0,0,146,63,0,0,34,2,69,0,0,0,0,0,0,0,0,0,0
CN,China,country,East Asia and Pacific,35.86166,104.195397,BY,Belarus,country,Europe and Central Asia,53.709807,27.953389,2013,4928,52,0,264,0,33,832,1733,407,0,0,313,62,1232,0,0,0,0,0,0,0,0,0,0
CN,China,country,East Asia and Pacific,35.86166,104.195397,BE,Belgium,country,Europe and Central Asia,50.503887,4.469936,2013,175323,542,192,22193,10148,615,6786,29212,9970,2136,1092,27124,9090,46532,3267,897,0,5494,33,0,0,0,0,0
CN,China,country,East Asia and Pacific,35.86166,104.195397,BZ,Belize,country,Latin America and the Caribbean,17.189877,-88.49765,2013,1223,0,0,0,0,0,28,105,0,0,0,0,0,1090,0,0,0,0,0,0,0,0,0,0
CN,China,country,East Asia and Pacific,35.86166,104.195397,BJ,Benin,country,Sub-Saharan Africa,9.30769,2.315834,2013,47137,295,0,6846,0,0,14,21455,50,0,0,0,5902,12231,0,344,0,0,0,0,0,0,0,0
CN,China,country,East Asia and Pacific,35.86166,104.195397,BM,Bermuda,country,North America,32.321384,-64.75737,2013,12,0,0,0,0,0,0,0,0,0,0,0,0,12,0,0,0,0,0,0,0,0,0,0
CN,China,country,East Asia and Pacific,35.86166,104.195397,BT,Bhutan,country,South Asia,27.514162,90.433601,2013,1430,0,0,0,0,0,0,0,0,0,0,0,0,1430,0,0,0,0,0,0,0,0,0,0
CN,China,country,East Asia and Pacific,35.86166,104.195397,BO,Bolivia,country,Latin America and the Caribbean,-16.290154,-63.588653,2013,3654,0,0,893,0,0,13,571,1541,0,0,108,181,307,0,40,0,0,0,0,0,0,0,0
CN,China,country,East Asia and Pacific,35.86166,104.195397,BA,Bosnia & Herzegovina,country,Europe and Central Asia,43.915886,17.679076,2013,703,0,0,0,420,0,8,134,0,0,0,0,0,121,0,0,0,0,20,0,0,0,0,0
CN,China,country,East Asia and Pacific,35.86166,104.195397,BW,Botswana,country,Sub-Saharan Africa,-22.328474,24.684866,2013,60,9,0,0,0,0,0,23,0,0,0,0,0,28,0,0,0,0,0,0,0,0,0,0
CN,China,country,East Asia and Pacific,35.86166,104.195397,BR,Brazil,country,Latin America and the Caribbean,-14.235004,-51.92528,2013,444067,1753,36,7439,217615,491,100,163803,4065,96,344,24815,1508,21061,887,54,0,0,0,0,0,0,0,0
CN,China,country,East Asia and Pacific,35.86166,104.195397,VG,British Virgin Islands,country,Latin America and the Caribbean,18.420695,-64.639968,2013,25,0,0,0,0,0,0,0,0,0,0,0,0,25,0,0,0,0,0,0,0,0,0,0
CN,China,country,East Asia and Pacific,35.86166,104.195397,BN,Brunei Darussalam,country,,4.535277,114.727669,2013,7272,35,1902,90,76,51,78,2186,976,0,872,127,5,407,1,26,0,423,17,0,0,0,0,0
CN,China,country,East Asia and Pacific,35.86166,104.195397,BG,Bulgaria,country,Europe and Central Asia,42.733883,25.48583,2013,15254,0,0,1102,2224,6,2892,2554,2214,16,519,240,469,3016,0,0,0,0,2,0,0,0,0,0
CN,China,country,East Asia and Pacific,35.86166,104.195397,BF,Burkina Faso,country,Sub-Saharan Africa,12.238333,-1.561593,2013,1946,61,0,0,0,0,0,860,0,0,0,0,328,697,0,0,0,0,0,0,0,0,0,0
CN,China,country,East Asia and Pacific,35.86166,104.195397,BI,Burundi,country,Sub-Saharan Africa,-3.373056,29.918886,2013,214,0,0,0,0,0,0,0,0,0,0,0,0,2,0,0,0,212,0,0,0,0,0,0
CN,China,country,East Asia and Pacific,35.86166,104.195397,CV,Cape Verde,country,Sub-Saharan Africa,16.002082,-24.013197,2013,864,0,0,0,0,0,0,778,43,0,0,0,11,32,0,0,0,0,0,0,0,0,0,0
CN,China,country,East Asia and Pacific,35.86166,104.195397,KH,Cambodia,country,East Asia and Pacific,12.565679,104.990963,2013,38184,28466,0,118,0,0,0,1071,687,0,7,564,4,3282,16,3724,0,198,47,0,0,0,0,0
CN,China,country,East Asia and Pacific,35.86166,104.195397,CM,Cameroon,country,Sub-Saharan Africa,7.369722,12.354722,2013,34317,9133,0,2213,0,0,2,12212,0,0,0,0,8705,2017,0,0,0,35,0,0,0,0,0,0
CN,China,country,East Asia and Pacific,35.86166,104.195397,CA,Canada,country,North America,56.130366,-106.346771,2013,263399,3997,2999,11490,3526,2112,11332,76355,77788,25,10984,14051,2221,41630,487,3140,0,187,1075,0,0,0,0,0
CN,China,country,East Asia and Pacific,35.86166,104.195397,CF,Central African Rep.,country,Sub-Saharan Africa,6.611111,20.939444,2013,8,0,0,0,0,0,0,0,0,0,0,8,0,0,0,0,0,0,0,0,0,0,0,0
CN,China,country,East Asia and Pacific,35.86166,104.195397,TD,Chad,country,Sub-Saharan Africa,15.454166,18.732207,2013,1376,2,0,126,2,0,6,47,0,1,0,0,1139,51,0,2,0,0,0,0,0,0,0,0
CN,China,country,East Asia and Pacific,35.86166,104.195397,CL,Chile,country,Latin America and the Caribbean,-35.675147,-71.542969,2013,60850,205,0,13356,5939,16,706,17253,4792,247,97,5368,1476,10993,82,320,0,0,0,0,0,0,0,0
CN,China,country,East Asia and Pacific,35.86166,104.195397,HK,Hong Kong,country,East Asia and Pacific,22.396428,114.109497,2013,3055238,187420,11918,45554,4404,8171,31866,941512,152470,400,2688,10053,41677,359243,27893,825231,1612151,299957,104742,39,0,0,0,0
CN,China,country,East Asia and Pacific,35.86166,104.195397,MO,"Macao SAR, China",country,East Asia and Pacific,22.198745,113.543873,2013,290850,9744,4190,1925,117,195,1512,59621,11216,0,903,34,1889,27793,1805,146802,112886,13566,9538,0,0,0,0,0
CN,China,country,East Asia and Pacific,35.86166,104.195397,TW,Taiwan,country,East Asia and Pacific,23.69781,120.960515,2013,280733,14909,3065,34335,6719,7084,14615,68817,23454,1124,3841,20698,3472,42977,2035,33488,0,0,84,0,16,0,0,0
CN,China,country,East Asia and Pacific,35.86166,104.195397,CO,Colombia,country,Latin America and the Caribbean,4.570868,-74.297333,2013,71382,152,0,12743,1335,0,263,29936,1738,0,12,14634,1363,4427,252,4422,0,0,5,100,0,0,0,0
CN,China,country,East Asia and Pacific,35.86166,104.195397,KM,Comoros,country,Sub-Saharan Africa,-11.875001,43.872219,2013,164,15,0,21,0,0,0,126,0,0,0,0,0,1,1,0,0,0,0,0,0,0,0,0
CN,China,country,East Asia and Pacific,35.86166,104.195397,CG,"Congo, Rep.",country,Sub-Saharan Africa,-0.228021,15.827659,2013,5267,26,0,57,239,0,0,3403,0,0,0,0,120,834,6,11,0,571,0,0,0,0,0,0
CN,China,country,East Asia and Pacific,35.86166,104.195397,CR,Costa Rica,country,Latin America and the Caribbean,9.748917,-83.753428,2013,25016,255,0,1321,11393,0,8,8826,829,0,0,946,78,967,12,381,0,0,0,0,0,0,0,0
CN,China,country,East Asia and Pacific,35.86166,104.195397,CI,Ivory Coast,country,Sub-Saharan Africa,7.539989,-5.54708,2013,32104,34,0,1427,0,0,0,26881,0,0,0,20,2267,1397,59,17,0,0,0,0,2,0,0,0
CN,China,country,East Asia and Pacific,35.86166,104.195397,HR,Croatia,country,Europe and Central Asia,45.1,15.2,2013,19818,0,20,3965,8429,0,16,4231,345,0,170,1056,499,1023,64,0,0,0,0,0,0,0,0,0
CN,China,country,East Asia and Pacific,35.86166,104.195397,CU,Cuba,country,Latin America and the Caribbean,21.521757,-77.781167,2013,34946,279,0,238,30275,0,246,907,233,0,0,961,1642,130,35,0,0,0,0,0,0,0,0,0
CN,China,country,East Asia and Pacific,35.86166,104.195397,CY,Cyprus,country,Europe and Central Asia,35.126413,33.429859,2013,2154,17,0,23,9,138,703,397,87,0,36,169,16,534,4,8,0,0,13,0,0,0,0,0
CN,China,country,East Asia and Pacific,35.86166,104.195397,CZ,Czech Republic,country,Europe and Central Asia,49.817492,15.472962,2013,20297,668,0,331,47,0,192,8039,5558,29,1,1127,58,3049,4,249,0,921,24,0,0,0,0,0
CN,China,country,East Asia and Pacific,35.86166,104.195397,KP,"Korea, Dem. Rep.",country,East Asia and Pacific,40.339852,127.510093,2013,500478,295934,4370,6392,33,17,15668,12252,20363,3278,9197,32011,365,22713,58473,15815,0,3138,459,0,0,0,0,0
CN,China,country,East Asia and Pacific,35.86166,104.195397,CD,"Congo, Dem. Rep.",country,Sub-Saharan Africa,-4.038333,21.758664,2013,23823,19,87,777,1766,0,0,16160,35,0,0,0,19,4929,0,31,0,0,0,0,0,0,0,0
CN,China,country,East Asia and Pacific,35.86166,104.195397,DK,Denmark,country,Europe and Central Asia,56.26392,9.501785,2013,44409,35,0,1428,160,11,1463,7175,4093,427,553,21233,267,7309,0,42,0,202,11,0,0,0,0,0
CN,China,country,East Asia and Pacific,35.86166,104.195397,DJ,Djibouti,country,Middle East and North Africa,11.825138,42.590275,2013,1540,1,0,92,0,0,0,1386,0,0,0,0,2,49,8,0,0,0,2,0,0,0,0,0
CN,China,country,East Asia and Pacific,35.86166,104.195397,DM,Dominica,country,Latin America and the Caribbean,15.414999,-61.370976,2013,81,0,0,16,0,0,0,20,2,0,0,0,0,43,0,0,0,0,0,0,0,0,0,0
CN,China,country,East Asia and Pacific,35.86166,104.195397,DO,Dominican Republic,country,Latin America and the Caribbean,18.735693,-70.162651,2013,20791,27,0,699,2395,12,90,8020,552,0,15,777,15,8034,4,4,0,0,0,0,147,0,0,0
CN,China,country,East Asia and Pacific,35.86166,104.195397,EC,Ecuador,country,Latin America and the Caribbean,-1.831239,-78.183406,2013,30730,0,0,7375,25,0,1,13382,366,0,42,6780,146,2607,6,0,0,0,0,0,0,0,0,0
CN,China,country,East Asia and Pacific,35.86166,104.195397,EG,Egypt,country,Middle East and North Africa,26.820553,30.802498,2013,125190,253,10,12886,1460,681,62385,13695,938,160,2805,1970,3346,24157,219,0,0,0,225,0,0,0,0,0
CN,China,country,East Asia and Pacific,35.86166,104.195397,SV,El Salvador,country,Latin America and the Caribbean,13.794185,-88.89653,2013,4764,83,0,421,528,0,32,1919,447,0,0,193,402,698,24,17,0,0,0,0,0,0,0,0
CN,China,country,East Asia and Pacific,35.86166,104.195397,GQ,Equatorial Guinea,country,Sub-Saharan Africa,1.650801,10.267895,2013,289,72,0,0,0,0,0,183,0,0,0,0,32,1,0,1,0,0,0,0,0,0,0,0
CN,China,country,East Asia and Pacific,35.86166,104.195397,ER,Eritrea,country,Sub-Saharan Africa,15.179384,39.782334,2013,782,4,0,78,0,0,0,453,23,0,0,0,0,223,1,0,0,0,0,0,0,0,0,0
CN,China,country,East Asia and Pacific,35.86166,104.195397,EE,Estonia,country,Europe and Central Asia,58.595272,25.013607,2013,8427,559,0,29,47,6,81,4626,2711,0,0,200,0,165,3,0,0,0,0,0,0,0,0,0
CN,China,country,East Asia and Pacific,35.86166,104.195397,ET,Ethiopia,country,Sub-Saharan Africa,9.145,40.489673,2013,5309,13,0,1975,0,0,165,140,177,0,497,0,26,2306,10,0,0,0,0,0,0,0,0,0
CN,China,country,East Asia and Pacific,35.86166,104.195397,FJ,Fiji,country,East Asia and Pacific,-16.578193,179.414413,2013,5018,124,7,4,0,0,624,3215,385,0,0,0,65,577,0,17,0,0,0,0,0,0,0,0
CN,China,country,East Asia and Pacific,35.86166,104.195397,FI,Finland,country,Europe and Central Asia,61.92411,25.748151,2013,6655,36,10,454,0,25,131,2060,1023,0,0,1468,227,1081,12,110,0,18,0,0,0,0,0,0
CN,China,country,East Asia and Pacific,35.86166,104.195397,FR,France,country,Europe and Central Asia,46.227638,2.213749,2013,143043,5412,116,2657,13671,1138,4687,32989,20035,32,1297,7804,9055,36007,108,6702,0,434,899,0,0,0,0,0
CN,China,country,East Asia and Pacific,35.86166,104.195397,PF,French Polynesia,country,East Asia and Pacific,-17.679742,-149.406843,2013,1279,3,0,22,0,0,29,349,182,0,0,0,0,674,2,18,0,0,0,0,0,0,0,0
CN,China,country,East Asia and Pacific,35.86166,104.195397,GA,Gabon,country,Sub-Saharan Africa,-0.803689,11.609444,2013,2013,12,0,0,0,0,0,1342,0,0,0,0,164,158,0,337,0,0,0,0,0,0,0,0
CN,China,country,East Asia and Pacific,35.86166,104.195397,GM,The Gambia,country,Sub-Saharan Africa,13.443182,-15.310139,2013,20655,46,0,52,0,0,0,11855,21,0,0,0,7150,1445,0,0,0,86,0,0,0,0,0,0
CN,China,country,East Asia and Pacific,35.86166,104.195397,GE,Georgia,country,Europe and Central Asia,42.315407,43.356892,2013,16081,5861,0,295,421,2,338,2931,294,2,84,37,135,389,6,20,0,5266,0,0,0,0,0,0
CN,China,country,East Asia and Pacific,35.86166,104.195397,DE,Germany,country,Europe and Central Asia,51.165691,10.451526,2013,426321,4460,2832,7724,5233,5640,15380,100799,94706,1693,6466,15357,47891,104288,3693,1571,0,6484,2104,0,0,0,0,0
CN,China,country,East Asia and Pacific,35.86166,104.195397,GH,Ghana,country,Sub-Saharan Africa,7.946527,-1.023194,2013,120560,5996,0,6024,0,0,296,84987,148,0,0,139,6710,15661,22,577,0,0,0,0,0,0,0,0
CN,China,country,East Asia and Pacific,35.86166,104.195397,GR,Greece,country,Europe and Central Asia,39.074208,21.824312,2013,22399,87,0,525,2562,251,4180,2777,5003,0,469,494,123,5300,101,42,0,46,439,0,0,0,0,0
CN,China,country,East Asia and Pacific,35.86166,104.195397,GD,Grenada,country,Latin America and the Caribbean,12.262776,-61.604171,2013,17,1,0,0,1,0,1,0,0,0,0,0,0,13,0,1,0,0,0,0,0,0,0,0
CN,China,country,East Asia and Pacific,35.86166,104.195397,GT,Guatemala,country,Latin America and the Caribbean,15.783471,-90.230759,2013,10969,182,0,2708,1538,0,203,2879,805,0,96,1151,121,1247,35,0,0,0,4,0,0,0,0,0
CN,China,country,East Asia and Pacific,35.86166,104.195397,GN,Guinea,country,Sub-Saharan Africa,9.945587,-9.696645,2013,19832,103,0,3052,0,7,0,9717,0,0,0,0,2697,4220,6,30,0,0,0,0,0,0,0,0
CN,China,country,East Asia and Pacific,35.86166,104.195397,GW,Guinea-Bissau,country,Sub-Saharan Africa,11.803749,-15.180413,2013,1588,1325,0,0,0,0,0,124,0,0,0,0,139,0,0,0,0,0,0,0,0,0,0,0
CN,China,country,East Asia and Pacific,35.86166,104.195397,GY,Guyana,country,Latin America and the Caribbean,4.860416,-58.93018,2013,2812,0,0,15,50,0,3,2508,44,0,11,0,0,144,0,37,0,0,0,0,0,0,0,0
CN,China,country,East Asia and Pacific,35.86166,104.195397,HT,Haiti,country,Latin America and the Caribbean,18.971187,-72.285215,2013,22423,18,28,249,1109,0,0,19316,123,0,0,0,0,1529,1,50,0,0,0,0,0,0,0,0
CN,China,country,East Asia and Pacific,35.86166,104.195397,HN,Honduras,country,Latin America and the Caribbean,15.199999,-86.241905,2013,6001,0,0,810,0,23,237,2508,1360,0,0,635,0,404,5,19,0,0,0,0,0,0,0,0
CN,China,country,East Asia and Pacific,35.86166,104.195397,HU,Hungary,country,Europe and Central Asia,47.162494,19.503304,2013,6560,435,5,32,1358,29,20,1134,1074,0,529,159,327,1409,1,47,0,0,1,0,0,0,0,0
CN,China,country,East Asia and Pacific,35.86166,104.195397,IS,Iceland,country,Europe and Central Asia,64.963051,-19.020835,2013,542,0,0,0,0,0,2,79,221,0,50,0,0,190,0,0,0,0,0,0,0,0,0,0
CN,China,country,East Asia and Pacific,35.86166,104.195397,IN,India,country,South Asia,20.593684,78.96288,2013,252753,6692,0,10362,54340,22,861,12357,106198,3685,7026,8410,974,40822,879,97,0,0,8,18,2,0,0,0
CN,China,country,East Asia and Pacific,35.86166,104.195397,ID,Indonesia,country,East Asia and Pacific,-0.789275,113.921327,2013,1160142,13489,1472,152814,17835,7288,7982,495000,298112,563,5827,23976,3575,122740,8356,106,0,760,221,26,0,0,0,0
CN,China,country,East Asia and Pacific,35.86166,104.195397,IR,Iran,country,Middle East and North Africa,32.427908,53.688046,2013,54512,141,0,9115,2384,419,12736,2287,4588,14,813,6678,4658,8398,1727,467,0,25,62,0,0,0,0,0
CN,China,country,East Asia and Pacific,35.86166,104.195397,IQ,Iraq,country,Middle East and North Africa,33.223191,43.679291,2013,15497,42,0,414,40,0,2924,6419,199,0,1,5,43,4162,20,70,0,1126,32,0,0,0,0,0
CN,China,country,East Asia and Pacific,35.86166,104.195397,IE,Ireland,country,Europe and Central Asia,53.41291,-8.24389,2013,10668,21,0,867,146,116,124,2412,1828,0,124,294,324,2388,70,240,0,1714,0,0,0,0,0,0
CN,China,country,East Asia and Pacific,35.86166,104.195397,IL,Israel,country,Middle East and North Africa,31.046051,34.851612,2013,58002,3178,0,9478,1901,2762,1878,22054,3690,0,1280,4641,502,6024,484,122,0,8,0,0,0,0,0,0
CN,China,country,East Asia and Pacific,35.86166,104.195397,IT,Italy,country,Europe and Central Asia,41.87194,12.56738,2013,165128,949,84,2280,47299,1367,2240,58948,7380,3455,1654,10699,1279,21583,201,5397,0,0,269,0,44,0,0,0
CN,China,country,East Asia and Pacific,35.86166,104.195397,JM,Jamaica,country,Latin America and the Caribbean,18.109581,-77.297508,2013,5983,0,0,141,1,0,15,2778,269,0,82,0,3,231,2,2461,0,0,0,0,0,0,0,0
CN,China,country,East Asia and Pacific,35.86166,104.195397,JP,Japan,country,East Asia and Pacific,36.204824,138.252924,2013,3914935,173648,31647,44642,70252,33911,56127,1331342,266808,8758,44591,1054378,24535,398974,30185,47259,660,288773,4482,4622,1,0,0,0
CN,China,country,East Asia and Pacific,35.86166,104.195397,JO,Jordan,country,Middle East and North Africa,30.585164,36.238414,2013,32460,368,0,5110,634,1255,2404,13549,1432,0,891,846,242,4986,204,0,0,487,52,0,0,0,0,0
CN,China,country,East Asia and Pacific,35.86166,104.195397,KZ,Kazakhstan,country,Europe and Central Asia,48.019573,66.923684,2013,224797,345,0,631,0,0,1858,42706,168470,18,62,44,1039,8806,57,346,0,415,0,0,0,0,0,0
CN,China,country,East Asia and Pacific,35.86166,104.195397,KE,Kenya,country,Sub-Saharan Africa,-0.023559,37.906193,2013,20506,4967,0,3527,24,2,291,8271,1316,0,93,203,230,1362,118,85,0,0,0,0,17,0,0,0
CN,China,country,East Asia and Pacific,35.86166,104.195397,KI,Kiribati,country,East Asia and Pacific,-3.370417,-168.734039,2013,480,0,0,0,0,0,183,0,0,0,0,0,0,13,0,0,0,284,0,0,0,0,0,0
CN,China,country,East Asia and Pacific,35.86166,104.195397,KW,Kuwait,country,Middle East and North Africa,29.31166,47.481766,2013,32920,228,785,1266,867,1182,5108,16640,2166,0,1628,90,142,2240,14,0,0,564,0,0,0,0,0,0
CN,China,country,East Asia and Pacific,35.86166,104.195397,KG,Kyrgyz Rep.,country,Europe and Central Asia,41.20438,74.766098,2013,62783,3673,0,498,0,0,160,3687,29167,0,132,38,780,2960,494,36,0,21158,0,0,0,0,0,0
CN,China,country,East Asia and Pacific,35.86166,104.195397,LA,Lao PDR,country,East Asia and Pacific,19.85627,102.495496,2013,4776,776,0,29,0,0,0,638,1618,5,0,14,0,1651,0,45,0,0,0,0,0,0,0,0
CN,China,country,East Asia and Pacific,35.86166,104.195397,LV,Latvia,country,Europe and Central Asia,56.879635,24.603189,2013,10383,252,0,2273,192,20,182,2328,1926,0,15,983,441,1532,0,238,0,0,1,0,0,0,0,0
CN,China,country,East Asia and Pacific,35.86166,104.195397,LB,Lebanon,country,Middle East and North Africa,33.854721,35.862285,2013,34950,518,0,944,2277,1124,6900,17816,990,0,868,363,63,2446,21,0,0,581,39,0,0,0,0,0
CN,China,country,East Asia and Pacific,35.86166,104.195397,LS,Lesotho,country,Sub-Saharan Africa,-29.609988,28.233608,2013,49,0,0,0,0,0,0,0,0,0,0,0,0,49,0,0,0,0,0,0,0,0,0,0
CN,China,country,East Asia and Pacific,35.86166,104.195397,LR,Liberia,country,Sub-Saharan Africa,6.428055,-9.429499,2013,10318,1140,0,203,0,2,1,1575,0,1,0,7,442,5881,0,282,0,784,0,0,0,0,0,0
CN,China,country,East Asia and Pacific,35.86166,104.195397,LY,Libya,country,Middle East and North Africa,26.3351,17.228331,2013,12314,61,0,282,69,522,1879,3530,641,0,85,112,4512,421,16,184,0,0,0,0,0,0,0,0
CN,China,country,East Asia and Pacific,35.86166,104.195397,LT,Lithuania,country,Europe and Central Asia,55.169438,23.881275,2013,25011,30,10,1458,164,22,208,8192,6104,25,80,5294,163,3194,24,43,0,0,0,0,0,0,0,0
CN,China,country,East Asia and Pacific,35.86166,104.195397,LU,Luxembourg,country,Europe and Central Asia,49.815273,6.129583,2013,17,0,0,0,0,0,0,0,0,0,0,0,0,14,0,3,0,0,0,0,0,0,0,0
CN,China,country,East Asia and Pacific,35.86166,104.195397,MG,Madagascar,country,Sub-Saharan Africa,-18.766947,46.869107,2013,2563,419,58,667,0,0,91,301,0,0,0,8,129,870,20,0,0,0,0,0,0,0,0,0
CN,China,country,East Asia and Pacific,35.86166,104.195397,MW,Malawi,country,Sub-Saharan Africa,-13.254308,34.301525,2013,144,5,0,24,0,0,4,0,0,0,0,0,0,111,0,0,0,0,0,0,0,0,0,0
CN,China,country,East Asia and Pacific,35.86166,104.195397,MY,Malaysia,country,East Asia and Pacific,4.210484,101.975766,2013,1314026,15070,107332,48228,5763,8088,11132,552470,284151,0,50450,65664,17843,78456,9100,25622,0,32290,1795,572,0,0,0,0
CN,China,country,East Asia and Pacific,35.86166,104.195397,MV,Maldives,country,South Asia,3.202778,73.22068,2013,3462,217,53,25,0,42,8,2402,294,0,285,0,0,136,0,0,0,0,0,0,0,0,0,0
CN,China,country,East Asia and Pacific,35.86166,104.195397,ML,Mali,country,Sub-Saharan Africa,17.570692,-3.996166,2013,12396,10,0,3,1,0,0,3183,0,0,0,0,7572,419,0,0,0,1208,0,0,0,0,0,0
CN,China,country,East Asia and Pacific,35.86166,104.195397,MT,Malta,country,Middle East and North Africa,35.937496,14.375416,2013,1087,46,0,0,32,0,57,740,60,0,0,7,0,75,2,9,0,59,0,0,0,0,0,0
CN,China,country,East Asia and Pacific,35.86166,104.195397,MH,Marshall Islands,country,East Asia and Pacific,7.131474,171.184478,2013,153,0,0,0,0,0,0,0,0,0,0,0,0,136,0,17,0,0,0,0,0,0,0,0
CN,China,country,East Asia and Pacific,35.86166,104.195397,MR,Mauritania,country,Sub-Saharan Africa,21.00789,-10.940835,2013,24582,33,0,378,0,0,0,5800,68,0,0,0,18190,112,1,0,0,0,0,0,0,0,0,0
CN,China,country,East Asia and Pacific,35.86166,104.195397,MU,Mauritius,country,Sub-Saharan Africa,-20.348404,57.552152,2013,8912,395,0,651,467,13,498,4743,212,51,2,55,14,1495,4,86,0,224,2,0,0,0,0,0
CN,China,country,East Asia and Pacific,35.86166,104.195397,YT,Mayotte,country,,-12.8275,45.166244,2013,231,6,0,0,0,0,1,193,23,0,0,0,0,8,0,0,0,0,0,0,0,0,0,0
CN,China,country,East Asia and Pacific,35.86166,104.195397,MX,Mexico,country,Latin America and the Caribbean,23.634501,-102.552784,2013,61282,160,96,5252,3264,127,654,8938,18398,0,3442,3964,1385,14679,580,216,0,0,100,26,1,0,0,0
CN,China,country,East Asia and Pacific,35.86166,104.195397,FM,Micronesia,country,East Asia and Pacific,7.425554,150.550812,2013,681,0,0,0,0,0,168,0,0,0,0,0,0,513,0,0,0,0,0,0,0,0,0,0
CN,China,country,East Asia and Pacific,35.86166,104.195397,MN,Mongolia,country,East Asia and Pacific,46.862496,103.846656,2013,160202,36643,506,3979,0,0,146,65958,19967,2,4,15223,1853,9645,681,3850,351,1566,179,0,0,0,0,0
CN,China,country,East Asia and Pacific,35.86166,104.195397,ME,Montenegro,country,Europe and Central Asia,42.708678,19.37439,2013,2823,0,0,867,1320,28,28,410,0,0,0,0,128,42,0,0,0,0,0,0,0,0,0,0
CN,China,country,East Asia and Pacific,35.86166,104.195397,MA,Morocco,country,Middle East and North Africa,31.791702,-7.09262,2013,74704,187,0,1419,0,44,183,4531,338,1,1566,437,61203,4763,32,0,0,0,0,0,0,0,0,0
CN,China,country,East Asia and Pacific,35.86166,104.195397,MZ,Mozambique,country,Sub-Saharan Africa,-18.665695,35.529562,2013,11034,173,0,3612,0,0,4,5064,4,1,0,0,8,2167,1,0,0,0,0,0,0,0,0,0
CN,China,country,East Asia and Pacific,35.86166,104.195397,MM,Myanmar,country,East Asia and Pacific,21.913965,95.956223,2013,132653,25557,0,5046,0,0,2132,1729,15725,83,0,1054,2548,23435,62,54425,0,0,857,0,0,0,0,0
CN,China,country,East Asia and Pacific,35.86166,104.195397,NA,Namibia,country,Sub-Saharan Africa,-22.95764,18.49041,2013,3696,13,0,118,0,0,3,2340,0,0,0,160,0,1057,0,5,0,0,0,0,0,0,0,0
CN,China,country,East Asia and Pacific,35.86166,104.195397,NR,Nauru,country,East Asia and Pacific,-0.522778,166.931503,2013,26,0,0,0,0,0,9,0,0,0,0,0,0,0,0,17,0,0,0,0,0,0,0,0
CN,China,country,East Asia and Pacific,35.86166,104.195397,NP,Nepal,country,South Asia,28.394857,84.124008,2013,54272,102,0,83,0,22,0,8016,35727,1996,7889,46,21,322,0,16,2423,32,0,0,0,0,0,0
CN,China,country,East Asia and Pacific,35.86166,104.195397,NL,Netherlands,country,Europe and Central Asia,52.132633,5.291266,2013,632007,8758,444,16185,12441,6340,21983,70465,117426,0,38744,139625,9086,177871,1696,2013,0,8154,613,26,137,0,0,0
CN,China,country,East Asia and Pacific,35.86166,104.195397,NC,New Caledonia,country,East Asia and Pacific,-20.904305,165.618042,2013,964,6,4,0,0,0,17,476,213,0,30,3,0,179,1,35,0,0,0,0,0,0,0,0
CN,China,country,East Asia and Pacific,35.86166,104.195397,NZ,New Zealand,country,East Asia and Pacific,-40.900557,174.885971,2013,46490,2786,219,7525,136,256,1634,12294,7618,77,160,677,1081,9168,321,2312,0,182,44,0,0,0,0,0
CN,China,country,East Asia and Pacific,35.86166,104.195397,NI,Nicaragua,country,Latin America and the Caribbean,12.865416,-85.207229,2013,2474,0,0,531,0,0,0,1589,296,0,0,0,9,49,0,0,0,0,0,0,0,0,0,0
CN,China,country,East Asia and Pacific,35.86166,104.195397,NE,Niger,country,Sub-Saharan Africa,17.607789,8.081666,2013,5671,3,0,13,0,0,0,1316,0,0,0,0,3812,523,3,1,0,0,0,0,0,0,0,0
CN,China,country,East Asia and Pacific,35.86166,104.195397,NG,Nigeria,country,Sub-Saharan Africa,9.081999,8.675277,2013,234267,1146,0,56494,0,218,44,130293,428,0,254,919,1132,42218,241,437,0,101,342,0,0,0,0,0
CN,China,country,East Asia and Pacific,35.86166,104.195397,NO,Norway,country,Europe and Central Asia,60.472024,8.468946,2013,22212,44,0,443,0,120,61,6735,3473,0,4,9268,8,1923,54,61,0,18,0,0,0,0,0,0
CN,China,country,East Asia and Pacific,35.86166,104.195397,PS,Palestine,country,Middle East and North Africa,31.952162,35.233154,2013,1531,49,0,227,0,0,15,973,41,0,25,0,13,11,0,86,0,91,0,0,0,0,0,0
CN,China,country,East Asia and Pacific,35.86166,104.195397,OM,Oman,country,Middle East and North Africa,21.512583,55.923255,2013,23604,2,551,636,0,3,1,17539,1336,0,1914,202,20,337,0,1063,0,0,0,0,0,0,0,0
CN,China,country,East Asia and Pacific,35.86166,104.195397,PK,Pakistan,country,South Asia,30.375321,69.345116,2013,180260,5121,0,12402,6839,226,847,49542,6889,27,49049,33373,6872,6640,1092,26,0,1296,19,0,0,0,0,0
CN,China,country,East Asia and Pacific,35.86166,104.195397,PW,Palau,country,East Asia and Pacific,7.51498,134.58252,2013,143,0,0,0,0,0,0,0,0,0,0,0,0,0,0,143,0,0,0,0,0,0,0,0
CN,China,country,East Asia and Pacific,35.86166,104.195397,PA,Panama,country,Latin America and the Caribbean,8.537981,-80.782127,2013,18152,166,5,744,119,54,840,8130,1765,0,2,658,144,4968,117,438,0,0,2,0,0,0,0,0
CN,China,country,East Asia and Pacific,35.86166,104.195397,PG,Papua New Guinea,country,East Asia and Pacific,-6.314993,143.95555,2013,8901,1210,0,2155,0,4,598,697,189,0,2,0,14,3034,3,57,0,937,1,0,0,0,0,0
CN,China,country,East Asia and Pacific,35.86166,104.195397,PY,Paraguay,country,Latin America and the Caribbean,-23.442503,-58.443832,2013,4869,117,0,294,0,0,0,3839,142,0,0,38,2,436,1,0,0,0,0,0,0,0,0,0
CN,China,country,East Asia and Pacific,35.86166,104.195397,PE,Peru,country,Latin America and the Caribbean,-9.189967,-75.015152,2013,30531,26,27,15720,1357,15,1064,3069,890,39,2994,1707,563,2806,151,103,0,0,0,0,0,0,0,0
CN,China,country,East Asia and Pacific,35.86166,104.195397,PH,Philippines,country,East Asia and Pacific,12.879721,121.774017,2013,764474,23543,2157,244144,15058,1437,1024,131360,190629,0,400,30189,10635,95411,933,1835,0,15547,172,0,0,0,0,0
CN,China,country,East Asia and Pacific,35.86166,104.195397,PL,Poland,country,Europe and Central Asia,51.919438,19.145136,2013,83719,587,0,9200,5647,6,1625,32585,8592,0,247,3393,1579,19677,494,54,0,15,18,0,0,0,0,0
CN,China,country,East Asia and Pacific,35.86166,104.195397,PT,Portugal,country,Europe and Central Asia,39.399872,-8.224454,2013,20071,687,6,2398,7511,1459,498,2903,629,265,44,584,0,2742,76,269,0,0,0,0,0,0,0,0
CN,China,country,East Asia and Pacific,35.86166,104.195397,QA,Qatar,country,Middle East and North Africa,25.354826,51.183884,2013,12540,62,1542,397,50,64,48,6187,2085,0,1490,137,48,375,2,27,0,26,0,0,0,0,0,0
CN,China,country,East Asia and Pacific,35.86166,104.195397,KR,"Korea, Rep.",country,East Asia and Pacific,35.907757,127.766922,2013,3414163,347569,4003,152317,35747,26596,113752,900470,61526,3522,17776,1401817,6939,242362,14608,74554,59,5570,1087,3576,372,0,0,0
CN,China,country,East Asia and Pacific,35.86166,104.195397,MD,Moldova,country,Europe and Central Asia,47.411631,28.369885,2013,2971,0,0,34,0,0,6,2894,0,0,1,0,0,36,0,0,0,0,0,0,0,0,0,0
CN,China,country,East Asia and Pacific,35.86166,104.195397,RO,Romania,country,Europe and Central Asia,45.943161,24.96676,2013,24883,68,0,348,3664,183,1948,6937,5651,956,191,204,74,4475,69,99,0,0,16,0,0,0,0,0
CN,China,country,East Asia and Pacific,35.86166,104.195397,RU,Russian Federation,country,Europe and Central Asia,61.52401,105.318756,2013,1183417,10390,57827,65872,2398,942,8008,522993,382133,0,2432,43824,15336,55264,2540,11719,0,1322,403,0,14,0,0,0
CN,China,country,East Asia and Pacific,35.86166,104.195397,RW,Rwanda,country,Sub-Saharan Africa,-1.940278,29.873888,2013,5,0,0,0,0,0,0,0,0,0,0,0,0,5,0,0,0,0,0,0,0,0,0,0
CN,China,country,East Asia and Pacific,35.86166,104.195397,LC,St. Lucia,country,Latin America and the Caribbean,13.909444,-60.978893,2013,19,0,0,0,0,0,0,13,0,0,0,0,0,6,0,0,0,0,0,0,0,0,0,0
CN,China,country,East Asia and Pacific,35.86166,104.195397,VC,St. Vincent & Grenadines,country,Latin America and the Caribbean,12.984305,-61.287228,2013,22,0,0,0,0,0,0,0,0,0,0,0,0,22,0,0,0,0,0,0,0,0,0,0
CN,China,country,East Asia and Pacific,35.86166,104.195397,WS,Samoa,country,East Asia and Pacific,-13.759029,-172.104629,2013,1340,6,0,16,0,0,293,23,6,0,0,0,16,648,0,213,0,119,0,0,0,0,0,0
CN,China,country,East Asia and Pacific,35.86166,104.195397,ST,Sao Tome and Principe,country,Sub-Saharan Africa,0.18636,6.613081,2013,101,0,0,0,0,0,0,83,0,0,1,0,0,0,0,0,0,17,0,0,0,0,0,0
CN,China,country,East Asia and Pacific,35.86166,104.195397,SA,Saudi Arabia,country,Middle East and North Africa,23.885942,45.079162,2013,200586,3767,8,12611,2954,2098,2191,93202,38945,7,26327,1746,4524,11340,524,21,0,0,321,0,0,0,0,0
CN,China,country,East Asia and Pacific,35.86166,104.195397,SN,Senegal,country,Sub-Saharan Africa,14.497401,-14.452362,2013,30692,269,0,1024,0,0,17,17172,1,0,23,34,10443,1661,40,0,0,0,0,0,8,0,0,0
CN,China,country,East Asia and Pacific,35.86166,104.195397,RS,Serbia,country,Europe and Central Asia,44.016521,21.005859,2013,3238,0,0,120,165,0,789,1009,1,0,0,85,64,739,7,0,0,0,259,0,0,0,0,0
CN,China,country,East Asia and Pacific,35.86166,104.195397,SC,Seychelles,country,Sub-Saharan Africa,-4.679574,55.491977,2013,1306,14,0,1,0,0,58,511,178,0,197,0,0,345,2,0,0,0,0,0,0,0,0,0
CN,China,country,East Asia and Pacific,35.86166,104.195397,SL,Sierra Leone,country,Sub-Saharan Africa,8.460555,-11.779889,2013,4904,397,0,210,0,0,3,2525,0,0,0,0,352,1417,0,0,0,0,0,0,0,0,0,0
CN,China,country,East Asia and Pacific,35.86166,104.195397,SG,Singapore,country,East Asia and Pacific,1.352083,103.819836,2013,268755,29806,13380,18058,968,2393,5461,77537,44095,0,5534,3308,4213,36845,9267,8125,0,6878,2887,0,0,0,0,0
CN,China,country,East Asia and Pacific,35.86166,104.195397,SK,Slovak Rep.,country,Europe and Central Asia,48.669026,19.699024,2013,2551,0,0,20,42,5,0,395,1421,0,96,38,0,233,0,301,0,0,0,0,0,0,0,0
CN,China,country,East Asia and Pacific,35.86166,104.195397,SI,Slovenia,country,Europe and Central Asia,46.151241,14.995463,2013,5678,181,0,223,802,13,1092,1245,381,0,256,185,16,1167,29,88,0,0,0,0,0,0,0,0
CN,China,country,East Asia and Pacific,35.86166,104.195397,SB,Solomon Islands,country,East Asia and Pacific,-9.64571,160.156194,2013,4405,1,0,30,0,0,151,1,0,0,0,0,0,3444,0,3,0,775,0,0,0,0,0,0
CN,China,country,East Asia and Pacific,35.86166,104.195397,SO,Somalia,country,Sub-Saharan Africa,5.152149,46.199616,2013,3000,0,0,370,0,0,0,2473,0,0,80,0,5,72,0,0,0,0,0,0,0,0,0,0
CN,China,country,East Asia and Pacific,35.86166,104.195397,ZA,S. Africa,country,Sub-Saharan Africa,-30.559482,22.937506,2013,114839,569,10,27325,17738,63,651,26435,3510,0,3917,8430,691,22220,1596,669,0,4,1011,0,0,0,0,0
CN,China,country,East Asia and Pacific,35.86166,104.195397,ES,Spain,country,Europe and Central Asia,40.463667,-3.74922,2013,166095,713,48,11659,8965,1703,20260,62754,11983,0,11571,8521,4345,20065,157,2334,0,283,474,0,260,0,0,0
CN,China,country,East Asia and Pacific,35.86166,104.195397,LK,Sri Lanka,country,South Asia,7.873054,80.771797,2013,63061,30,6893,1929,0,8,0,27436,15976,0,1292,3485,2591,3358,29,1,0,22,11,0,0,0,0,0
CN,China,country,East Asia and Pacific,35.86166,104.195397,SR,Suriname,country,Latin America and the Caribbean,3.919305,-56.027783,2013,2964,46,0,37,0,0,137,1708,581,0,4,0,6,376,5,64,0,0,0,0,0,0,0,0
CN,China,country,East Asia and Pacific,35.86166,104.195397,SZ,Swaziland,country,Sub-Saharan Africa,-26.522503,31.465866,2013,112,0,0,40,0,0,0,0,72,0,0,0,0,0,0,0,0,0,0,0,0,0,0,0
CN,China,country,East Asia and Pacific,35.86166,104.195397,SE,Sweden,country,Europe and Central Asia,60.128161,18.643501,2013,25981,99,173,643,115,35,1656,10070,5238,0,38,1357,1077,5269,6,126,0,67,12,0,0,0,0,0
CN,China,country,East Asia and Pacific,35.86166,104.195397,CH,Switzerland,country,Europe and Central Asia,46.818188,8.227512,2013,12403,23,0,307,0,0,197,3378,613,24,1,5098,1728,1001,0,0,0,33,0,0,0,0,0,0
CN,China,country,East Asia and Pacific,35.86166,104.195397,SY,Syrian Arab Rep.,country,Middle East and North Africa,34.802075,38.996815,2013,7698,280,0,904,0,36,381,1282,84,0,306,988,198,3191,38,0,0,0,10,0,0,0,0,0
CN,China,country,East Asia and Pacific,35.86166,104.195397,TJ,Tajikistan,country,Europe and Central Asia,38.861034,71.276093,2013,9560,1419,0,413,0,0,0,897,3034,0,0,0,1819,1119,88,24,0,747,0,0,0,0,0,0
CN,China,country,East Asia and Pacific,35.86166,104.195397,TH,Thailand,country,East Asia and Pacific,15.870032,100.992541,2013,1049810,76290,24057,77070,2477,9835,18933,377911,346712,418,12796,36791,6713,51273,7278,616,0,439,201,0,0,0,0,0
CN,China,country,East Asia and Pacific,35.86166,104.195397,MK,Macedonia,country,Europe and Central Asia,41.608635,21.745275,2013,1890,0,0,60,45,0,990,212,0,0,46,0,0,537,0,0,0,0,0,0,0,0,0,0
CN,China,country,East Asia and Pacific,35.86166,104.195397,TL,Timor-Leste,country,East Asia and Pacific,-8.874217,125.727539,2013,1868,13,547,0,0,0,184,437,490,0,0,0,0,1,0,0,0,196,0,0,0,0,0,0
CN,China,country,East Asia and Pacific,35.86166,104.195397,TG,Togo,country,Sub-Saharan Africa,8.619543,0.824782,2013,68282,709,58,2670,0,0,0,40871,0,0,0,0,12369,11420,9,176,0,0,0,0,0,0,0,0
CN,China,country,East Asia and Pacific,35.86166,104.195397,TO,Tonga,country,East Asia and Pacific,-21.178986,-175.198242,2013,1081,0,0,0,0,0,29,24,0,0,0,0,0,1028,0,0,0,0,0,0,0,0,0,0
CN,China,country,East Asia and Pacific,35.86166,104.195397,TT,Trinidad and Tobago,country,Latin America and the Caribbean,10.691803,-61.222503,2013,11570,8,0,336,0,0,318,4831,303,0,11,7,3,501,23,5229,0,0,0,0,0,0,0,0
CN,China,country,East Asia and Pacific,35.86166,104.195397,TN,Tunisia,country,Middle East and North Africa,33.886917,9.537499,2013,16328,0,0,533,48,247,1026,7457,240,103,940,2708,2520,456,1,0,0,0,49,0,0,0,0,0
CN,China,country,East Asia and Pacific,35.86166,104.195397,TR,Turkey,country,Europe and Central Asia,38.963745,35.243322,2013,83066,481,2,10858,17606,509,11905,16146,2376,18,1035,6686,475,11259,3644,32,0,25,7,0,2,0,0,0
CN,China,country,East Asia and Pacific,35.86166,104.195397,TM,Turkmenistan,country,Europe and Central Asia,38.969719,59.556278,2013,5896,583,0,0,0,171,133,1699,50,0,0,0,2262,978,1,19,0,0,0,0,0,0,0,0
CN,China,country,East Asia and Pacific,35.86166,104.195397,TV,Tuvalu,country,East Asia and Pacific,-7.109535,177.64933,2013,54,0,0,0,0,0,12,0,0,0,0,0,0,5,0,0,0,37,0,0,0,0,0,0
CN,China,country,East Asia and Pacific,35.86166,104.195397,UG,Uganda,country,Sub-Saharan Africa,1.373333,32.290275,2013,1014,0,0,255,0,0,32,227,0,0,0,0,0,242,0,256,0,0,0,0,2,0,0,0
CN,China,country,East Asia and Pacific,35.86166,104.195397,UA,Ukraine,country,Europe and Central Asia,48.379433,31.16558,2013,68050,329,17,5801,0,22,887,25135,7684,0,920,14963,3437,8689,28,57,0,67,14,0,0,0,0,0
CN,China,country,East Asia and Pacific,35.86166,104.195397,AE,United Arab Emirates,country,Middle East and North Africa,23.424076,53.847818,2013,340041,1209,8776,13853,12888,3595,31247,135279,45190,69,36364,2350,2108,32874,899,12147,0,1162,31,0,0,0,0,0
CN,China,country,East Asia and Pacific,35.86166,104.195397,GB,United Kingdom,country,Europe and Central Asia,55.378051,-3.435973,2013,326524,3115,2569,30382,8253,3639,11777,84681,40972,889,18500,44060,7840,51392,3877,5409,0,8812,338,0,19,0,0,0
CN,China,country,East Asia and Pacific,35.86166,104.195397,TZ,Tanzania,country,Sub-Saharan Africa,-6.369028,34.888822,2013,4579,112,0,614,11,0,12,2776,54,0,28,21,21,904,26,0,0,0,0,0,0,0,0,0
CN,China,country,East Asia and Pacific,35.86166,104.195397,US,USA,country,North America,37.09024,-95.712891,2013,1583163,22951,23952,51750,17215,12683,107000,318014,455646,252,51744,164979,28512,294965,6654,21865,1,1164,3809,8,0,0,0,0
CN,China,country,East Asia and Pacific,35.86166,104.195397,UY,Uruguay,country,Latin America and the Caribbean,-32.522779,-55.765835,2013,7402,58,4,657,247,0,33,3332,243,0,142,623,52,1326,229,456,0,0,0,0,0,0,0,0
CN,China,country,East Asia and Pacific,35.86166,104.195397,UZ,Uzbekistan,country,Europe and Central Asia,41.377491,64.585262,2013,45312,0,0,3272,0,0,27,680,103,0,0,0,23554,17101,575,0,0,0,0,0,0,0,0,0
CN,China,country,East Asia and Pacific,35.86166,104.195397,VU,Vanuatu,country,East Asia and Pacific,-15.376706,166.959158,2013,542,6,0,0,0,0,76,1,0,0,0,0,0,178,0,25,0,256,0,0,0,0,0,0
CN,China,country,East Asia and Pacific,35.86166,104.195397,VE,Venezuela,country,Latin America and the Caribbean,6.42375,-66.58973,2013,67370,95,0,2045,56794,11,68,1828,933,0,452,3667,156,1297,20,0,0,4,0,0,0,0,0,0
CN,China,country,East Asia and Pacific,35.86166,104.195397,VN,Vietnam,country,East Asia and Pacific,14.058324,108.277199,2013,1483919,77474,83144,93620,21452,2061,26296,493052,434893,3387,7896,165941,5286,64896,3100,281,0,1070,68,0,2,0,0,0
CN,China,country,East Asia and Pacific,35.86166,104.195397,WF,Wallis and Futuna,country,East Asia and Pacific,-13.768752,-177.156097,2013,194,0,0,0,0,0,0,0,0,0,0,0,0,0,0,194,0,0,0,0,0,0,0,0
CN,China,country,East Asia and Pacific,35.86166,104.195397,YE,Yemen,country,Middle East and North Africa,15.552727,48.516388,2013,121916,130,0,9489,20294,18,46,72873,7844,0,3389,32,536,7167,1,0,0,0,97,0,0,0,0,0
CN,China,country,East Asia and Pacific,35.86166,104.195397,ZM,Zambia,country,Sub-Saharan Africa,-13.133897,27.849332,2013,512,0,0,36,0,0,3,18,0,0,0,400,8,46,1,0,0,0,0,0,0,0,0,0
CN,China,country,East Asia and Pacific,35.86166,104.195397,ZW,Zimbabwe,country,Sub-Saharan Africa,-19.015438,29.154857,2013,359,6,0,31,0,0,0,107,0,0,0,0,0,215,0,0,0,0,0,0,0,0,0,0
