sourceCode,sourceName,sourceGrouping,sourceRegion,sourceLat,sourceLong,destCode,destName,destGrouping,destRegion,destLat,destLong,year,totalTons,cereals,roots,sugarCrops,pulses,nuts,oilCrops,vegetables,fruits,fibers,spices,fodderCrops,coffeeTea,tobaccoRubber,oilsFats,beverages,livestock,animalMeats,animalProducts,animalHides,nimalOther,pesticides,fertilizers,machinery
TR,Turkey,country,Europe and Central Asia,38.963745,35.243322,AF,Afghanistan,country,South Asia,33.93911,67.709953,2013,13683,776,0,1095,877,6,13,321,460,0,12,1,823,2738,5762,298,0,121,357,0,23,0,0,0
TR,Turkey,country,Europe and Central Asia,38.963745,35.243322,AL,Albania,country,Europe and Central Asia,41.153332,20.168331,2013,28126,14720,2632,2103,45,507,19,295,932,5,18,2,2035,411,2210,500,0,307,1385,0,0,0,0,0
TR,Turkey,country,Europe and Central Asia,38.963745,35.243322,DZ,Algeria,country,Middle East and North Africa,28.033886,1.659626,2013,64289,11942,0,18363,1662,1528,19,830,5885,3,56,28,11866,8030,3246,723,0,0,108,0,0,0,0,0
TR,Turkey,country,Europe and Central Asia,38.963745,35.243322,AO,Angola,country,Sub-Saharan Africa,-11.202692,17.873887,2013,196717,184969,0,257,7,0,0,2,1323,0,4,0,1169,2490,73,283,0,5925,215,0,0,0,0,0
TR,Turkey,country,Europe and Central Asia,38.963745,35.243322,AR,Argentina,country,Latin America and the Caribbean,-38.416097,-63.616672,2013,2235,4,0,14,7,78,42,775,154,166,140,0,0,829,1,25,0,0,0,0,0,0,0,0
TR,Turkey,country,Europe and Central Asia,38.963745,35.243322,AU,Australia,country,East Asia and Pacific,-25.274398,133.775136,2013,42220,2443,0,696,141,3360,531,8981,20049,5,364,0,163,935,1269,3283,0,0,0,0,0,0,0,0
TR,Turkey,country,Europe and Central Asia,38.963745,35.243322,AT,Austria,country,Europe and Central Asia,47.516231,14.550072,2013,35674,1433,0,859,493,7180,1154,5925,12148,634,242,36,21,338,200,5011,0,0,0,0,0,0,0,0
TR,Turkey,country,Europe and Central Asia,38.963745,35.243322,AZ,Azerbaijan,country,Europe and Central Asia,40.143105,47.576927,2013,136091,25421,9605,11730,3129,1286,1342,10560,21257,14,304,2038,5663,12930,3433,13498,5878,7621,6260,0,0,0,0,0
TR,Turkey,country,Europe and Central Asia,38.963745,35.243322,BS,The Bahamas,country,Latin America and the Caribbean,25.03428,-77.39628,2013,287,287,0,0,0,0,0,0,0,0,0,0,0,0,0,0,0,0,0,0,0,0,0,0
TR,Turkey,country,Europe and Central Asia,38.963745,35.243322,BH,Bahrain,country,Middle East and North Africa,25.930414,50.637772,2013,20507,636,25,628,185,12,131,506,1513,0,7,15,453,8598,811,5997,0,137,853,0,0,0,0,0
TR,Turkey,country,Europe and Central Asia,38.963745,35.243322,BD,Bangladesh,country,South Asia,23.684994,90.356331,2013,6290,820,5,30,215,12,0,0,37,1280,1991,110,148,86,148,26,0,13,1369,0,0,0,0,0
TR,Turkey,country,Europe and Central Asia,38.963745,35.243322,BB,Barbados,country,Latin America and the Caribbean,13.193887,-59.543198,2013,398,87,0,0,0,0,0,0,146,0,0,0,15,14,93,43,0,0,0,0,0,0,0,0
TR,Turkey,country,Europe and Central Asia,38.963745,35.243322,BY,Belarus,country,Europe and Central Asia,53.709807,27.953389,2013,39294,1,0,331,0,84,1692,9162,27584,29,0,4,7,389,11,0,0,0,0,0,0,0,0,0
TR,Turkey,country,Europe and Central Asia,38.963745,35.243322,BE,Belgium,country,Europe and Central Asia,50.503887,4.469936,2013,79519,17334,320,1267,2490,6096,192,11014,22645,2274,536,52,1707,8203,244,5144,4,0,1,0,0,0,0,0
TR,Turkey,country,Europe and Central Asia,38.963745,35.243322,BZ,Belize,country,Latin America and the Caribbean,17.189877,-88.49765,2013,4,4,0,0,0,0,0,0,0,0,0,0,0,0,0,0,0,0,0,0,0,0,0,0
TR,Turkey,country,Europe and Central Asia,38.963745,35.243322,BJ,Benin,country,Sub-Saharan Africa,9.30769,2.315834,2013,153386,148405,0,332,644,0,0,0,70,13,0,0,301,348,25,2130,0,1118,0,0,0,0,0,0
TR,Turkey,country,Europe and Central Asia,38.963745,35.243322,BM,Bermuda,country,North America,32.321384,-64.75737,2013,0,0,0,0,0,0,0,0,0,0,0,0,0,0,0,0,0,0,0,0,0,0,0,0
TR,Turkey,country,Europe and Central Asia,38.963745,35.243322,BO,Bolivia,country,Latin America and the Caribbean,-16.290154,-63.588653,2013,803,472,0,28,0,0,0,0,0,0,0,0,298,5,0,0,0,0,0,0,0,0,0,0
TR,Turkey,country,Europe and Central Asia,38.963745,35.243322,BA,Bosnia & Herzegovina,country,Europe and Central Asia,43.915886,17.679076,2013,36155,4095,4474,1408,24,268,8,10655,9089,9,15,45,853,1034,182,942,0,3012,42,0,0,0,0,0
TR,Turkey,country,Europe and Central Asia,38.963745,35.243322,BW,Botswana,country,Sub-Saharan Africa,-22.328474,24.684866,2013,99,27,0,0,0,0,0,0,0,0,0,0,0,50,0,22,0,0,0,0,0,0,0,0
TR,Turkey,country,Europe and Central Asia,38.963745,35.243322,BR,Brazil,country,Latin America and the Caribbean,-14.235004,-51.92528,2013,19370,3541,0,110,0,2152,0,1262,4845,1338,796,850,349,4085,39,0,0,0,3,0,0,0,0,0
TR,Turkey,country,Europe and Central Asia,38.963745,35.243322,VG,British Virgin Islands,country,Latin America and the Caribbean,18.420695,-64.639968,2013,42,42,0,0,0,0,0,0,0,0,0,0,0,0,0,0,0,0,0,0,0,0,0,0
TR,Turkey,country,Europe and Central Asia,38.963745,35.243322,BN,Brunei Darussalam,country,,4.535277,114.727669,2013,184,9,0,6,0,0,0,14,94,0,0,0,4,1,0,56,0,0,0,0,0,0,0,0
TR,Turkey,country,Europe and Central Asia,38.963745,35.243322,BG,Bulgaria,country,Europe and Central Asia,42.733883,25.48583,2013,184748,5721,17823,3057,365,934,12281,68969,63297,2001,36,200,2432,5252,414,1964,29,0,1,1,0,0,0,0
TR,Turkey,country,Europe and Central Asia,38.963745,35.243322,BF,Burkina Faso,country,Sub-Saharan Africa,12.238333,-1.561593,2013,2254,1314,0,12,0,0,0,0,31,0,0,0,279,288,15,315,0,0,0,0,0,0,0,0
TR,Turkey,country,Europe and Central Asia,38.963745,35.243322,BI,Burundi,country,Sub-Saharan Africa,-3.373056,29.918886,2013,123,4,0,0,0,0,0,0,1,0,0,0,0,118,0,0,0,0,0,0,0,0,0,0
TR,Turkey,country,Europe and Central Asia,38.963745,35.243322,CV,Cape Verde,country,Sub-Saharan Africa,16.002082,-24.013197,2013,529,318,0,17,0,1,0,0,15,0,0,0,12,166,0,0,0,0,0,0,0,0,0,0
TR,Turkey,country,Europe and Central Asia,38.963745,35.243322,KH,Cambodia,country,East Asia and Pacific,12.565679,104.990963,2013,160,99,0,15,0,0,0,1,0,0,0,0,8,20,16,0,0,0,1,0,0,0,0,0
TR,Turkey,country,Europe and Central Asia,38.963745,35.243322,CM,Cameroon,country,Sub-Saharan Africa,7.369722,12.354722,2013,34855,31851,0,916,391,0,0,0,37,47,0,0,363,1022,14,198,0,0,16,0,0,0,0,0
TR,Turkey,country,Europe and Central Asia,38.963745,35.243322,CA,Canada,country,North America,56.130366,-106.346771,2013,38857,3812,0,465,373,9126,1450,3871,11619,292,368,23,1564,293,1946,3655,0,0,0,0,0,0,0,0
TR,Turkey,country,Europe and Central Asia,38.963745,35.243322,KY,Cayman Islands,country,Latin America and the Caribbean,19.513469,-80.566956,2013,594,594,0,0,0,0,0,0,0,0,0,0,0,0,0,0,0,0,0,0,0,0,0,0
TR,Turkey,country,Europe and Central Asia,38.963745,35.243322,CF,Central African Rep.,country,Sub-Saharan Africa,6.611111,20.939444,2013,222,85,0,0,0,0,0,0,0,0,0,0,0,137,0,0,0,0,0,0,0,0,0,0
TR,Turkey,country,Europe and Central Asia,38.963745,35.243322,TD,Chad,country,Sub-Saharan Africa,15.454166,18.732207,2013,5441,4671,0,95,0,0,0,0,1,0,0,0,24,469,27,154,0,0,0,0,0,0,0,0
TR,Turkey,country,Europe and Central Asia,38.963745,35.243322,CL,Chile,country,Latin America and the Caribbean,-35.675147,-71.542969,2013,2322,88,0,5,6,33,36,43,175,8,99,0,79,881,6,863,0,0,0,0,0,0,0,0
TR,Turkey,country,Europe and Central Asia,38.963745,35.243322,HK,Hong Kong,country,East Asia and Pacific,22.396428,114.109497,2013,54410,3002,0,50,2,844,6,82,4531,1461,52,0,362,945,123,91,0,42834,3,22,0,0,0,0
TR,Turkey,country,Europe and Central Asia,38.963745,35.243322,MO,"Macao SAR, China",country,East Asia and Pacific,22.198745,113.543873,2013,26,5,0,0,0,0,0,0,0,0,0,0,0,0,21,0,0,0,0,0,0,0,0,0
TR,Turkey,country,Europe and Central Asia,38.963745,35.243322,CN,China,country,East Asia and Pacific,35.86166,104.195397,2013,70818,6605,0,1345,11,1824,70,214,3757,49488,15,0,2744,700,2678,1065,0,0,156,146,0,0,0,0
TR,Turkey,country,Europe and Central Asia,38.963745,35.243322,TW,Taiwan,country,East Asia and Pacific,23.69781,120.960515,2013,6454,3502,0,242,5,143,2,151,451,1321,42,0,56,144,144,11,0,0,240,0,0,0,0,0
TR,Turkey,country,Europe and Central Asia,38.963745,35.243322,CO,Colombia,country,Latin America and the Caribbean,4.570868,-74.297333,2013,2440,1393,0,39,0,32,0,47,6,0,12,0,505,186,33,187,0,0,0,0,0,0,0,0
TR,Turkey,country,Europe and Central Asia,38.963745,35.243322,KM,Comoros,country,Sub-Saharan Africa,-11.875001,43.872219,2013,2199,2133,0,0,0,0,0,0,8,0,0,0,8,27,0,23,0,0,0,0,0,0,0,0
TR,Turkey,country,Europe and Central Asia,38.963745,35.243322,CG,"Congo, Rep.",country,Sub-Saharan Africa,-0.228021,15.827659,2013,31861,21551,0,77,1495,0,0,0,50,0,40,0,136,522,554,479,0,6957,0,0,0,0,0,0
TR,Turkey,country,Europe and Central Asia,38.963745,35.243322,CR,Costa Rica,country,Latin America and the Caribbean,9.748917,-83.753428,2013,1171,745,0,35,17,14,0,0,0,0,38,0,160,58,0,104,0,0,0,0,0,0,0,0
TR,Turkey,country,Europe and Central Asia,38.963745,35.243322,CI,Ivory Coast,country,Sub-Saharan Africa,7.539989,-5.54708,2013,15119,6088,0,663,0,0,0,0,67,0,0,0,257,1714,4196,2044,0,74,16,0,0,0,0,0
TR,Turkey,country,Europe and Central Asia,38.963745,35.243322,HR,Croatia,country,Europe and Central Asia,45.1,15.2,2013,45224,957,4418,2060,151,1922,61,5608,27415,431,46,0,1265,845,33,12,0,0,0,0,0,0,0,0
TR,Turkey,country,Europe and Central Asia,38.963745,35.243322,CU,Cuba,country,Latin America and the Caribbean,21.521757,-77.781167,2013,539,8,0,0,0,0,0,0,0,0,0,0,2,529,0,0,0,0,0,0,0,0,0,0
TR,Turkey,country,Europe and Central Asia,38.963745,35.243322,CY,Cyprus,country,Europe and Central Asia,35.126413,33.429859,2013,132612,22912,1005,3128,597,714,1990,8202,8789,13,242,16284,1623,4263,7375,51112,786,917,3446,0,0,0,0,0
TR,Turkey,country,Europe and Central Asia,38.963745,35.243322,CZ,Czech Republic,country,Europe and Central Asia,49.817492,15.472962,2013,34093,1785,0,1860,205,805,192,3272,18714,511,3,0,377,5543,0,826,0,0,0,0,0,0,0,0
TR,Turkey,country,Europe and Central Asia,38.963745,35.243322,KP,"Korea, Dem. Rep.",country,East Asia and Pacific,40.339852,127.510093,2013,135,0,0,0,0,0,0,0,0,0,0,0,0,135,0,0,0,0,0,0,0,0,0,0
TR,Turkey,country,Europe and Central Asia,38.963745,35.243322,CD,"Congo, Dem. Rep.",country,Sub-Saharan Africa,-4.038333,21.758664,2013,13271,3927,0,73,0,0,0,0,0,0,0,0,241,584,552,332,0,7559,3,0,0,0,0,0
TR,Turkey,country,Europe and Central Asia,38.963745,35.243322,DK,Denmark,country,Europe and Central Asia,56.26392,9.501785,2013,21426,1108,0,80,493,866,215,5557,6242,0,16,0,24,3817,117,2891,0,0,0,0,0,0,0,0
TR,Turkey,country,Europe and Central Asia,38.963745,35.243322,DJ,Djibouti,country,Middle East and North Africa,11.825138,42.590275,2013,39630,37971,0,41,0,0,0,2,10,0,0,0,12,562,534,327,0,12,159,0,0,0,0,0
TR,Turkey,country,Europe and Central Asia,38.963745,35.243322,DM,Dominica,country,Latin America and the Caribbean,15.414999,-61.370976,2013,71,70,0,0,0,0,0,0,0,0,0,0,0,1,0,0,0,0,0,0,0,0,0,0
TR,Turkey,country,Europe and Central Asia,38.963745,35.243322,DO,Dominican Republic,country,Latin America and the Caribbean,18.735693,-70.162651,2013,3955,2971,0,277,0,0,0,0,29,1,0,0,641,36,0,0,0,0,0,0,0,0,0,0
TR,Turkey,country,Europe and Central Asia,38.963745,35.243322,EC,Ecuador,country,Latin America and the Caribbean,-1.831239,-78.183406,2013,187,4,0,0,0,168,0,0,1,0,8,0,6,0,0,0,0,0,0,0,0,0,0,0
TR,Turkey,country,Europe and Central Asia,38.963745,35.243322,EG,Egypt,country,Middle East and North Africa,26.820553,30.802498,2013,123938,26785,0,9339,16298,4242,196,301,47221,237,1097,1354,5223,4544,1066,519,0,16,5500,0,0,0,0,0
TR,Turkey,country,Europe and Central Asia,38.963745,35.243322,SV,El Salvador,country,Latin America and the Caribbean,13.794185,-88.89653,2013,156,32,0,0,0,0,0,35,6,20,0,0,63,0,0,0,0,0,0,0,0,0,0,0
TR,Turkey,country,Europe and Central Asia,38.963745,35.243322,GQ,Equatorial Guinea,country,Sub-Saharan Africa,1.650801,10.267895,2013,5201,2285,1,16,8,8,3,41,48,0,27,0,128,68,17,1416,0,1110,23,0,2,0,0,0
TR,Turkey,country,Europe and Central Asia,38.963745,35.243322,ER,Eritrea,country,Sub-Saharan Africa,15.179384,39.782334,2013,30,0,0,0,0,0,0,0,0,0,0,0,0,30,0,0,0,0,0,0,0,0,0,0
TR,Turkey,country,Europe and Central Asia,38.963745,35.243322,EE,Estonia,country,Europe and Central Asia,58.595272,25.013607,2013,1236,83,0,35,0,140,0,390,544,0,0,1,24,10,0,9,0,0,0,0,0,0,0,0
TR,Turkey,country,Europe and Central Asia,38.963745,35.243322,ET,Ethiopia,country,Sub-Saharan Africa,9.145,40.489673,2013,3874,480,0,145,0,0,0,17,87,2,0,0,241,497,2315,90,0,0,0,0,0,0,0,0
TR,Turkey,country,Europe and Central Asia,38.963745,35.243322,FJ,Fiji,country,East Asia and Pacific,-16.578193,179.414413,2013,934,871,0,0,0,0,0,0,0,0,0,0,0,0,0,63,0,0,0,0,0,0,0,0
TR,Turkey,country,Europe and Central Asia,38.963745,35.243322,FI,Finland,country,Europe and Central Asia,61.92411,25.748151,2013,4905,15,0,2,2,627,0,1836,903,0,12,0,49,1415,0,44,0,0,0,0,0,0,0,0
TR,Turkey,country,Europe and Central Asia,38.963745,35.243322,FR,France,country,Europe and Central Asia,46.227638,2.213749,2013,122530,7101,0,1101,1339,27910,1334,11090,49601,5114,547,101,284,11697,283,4955,1,65,0,7,1,0,0,0
TR,Turkey,country,Europe and Central Asia,38.963745,35.243322,PF,French Polynesia,country,East Asia and Pacific,-17.679742,-149.406843,2013,10,10,0,0,0,0,0,0,0,0,0,0,0,0,0,0,0,0,0,0,0,0,0,0
TR,Turkey,country,Europe and Central Asia,38.963745,35.243322,GA,Gabon,country,Sub-Saharan Africa,-0.803689,11.609444,2013,6224,4102,0,72,7,0,2,15,238,0,2,0,115,61,10,389,0,1201,10,0,0,0,0,0
TR,Turkey,country,Europe and Central Asia,38.963745,35.243322,GM,The Gambia,country,Sub-Saharan Africa,13.443182,-15.310139,2013,41098,38634,0,12,46,0,0,0,26,0,0,0,22,1035,25,1253,0,27,18,0,0,0,0,0
TR,Turkey,country,Europe and Central Asia,38.963745,35.243322,GE,Georgia,country,Europe and Central Asia,42.315407,43.356892,2013,113070,5394,4239,2275,316,194,5796,32953,25984,26,32,5108,2011,5868,7572,4862,2284,8640,1800,0,0,0,0,0
TR,Turkey,country,Europe and Central Asia,38.963745,35.243322,DE,Germany,country,Europe and Central Asia,51.165691,10.451526,2013,507033,32905,1109,6198,8010,54274,13861,110783,160214,15272,2851,498,1766,22494,2971,73716,1,2,0,109,0,0,0,0
TR,Turkey,country,Europe and Central Asia,38.963745,35.243322,GH,Ghana,country,Sub-Saharan Africa,7.946527,-1.023194,2013,65607,56729,2,1493,2,0,2,517,758,0,0,124,736,299,709,1591,0,2615,8,22,0,0,0,0
TR,Turkey,country,Europe and Central Asia,38.963745,35.243322,GR,Greece,country,Europe and Central Asia,39.074208,21.824312,2013,42242,4899,3692,190,211,3971,1316,12047,7481,2196,165,671,359,2964,618,1283,0,0,179,0,0,0,0,0
TR,Turkey,country,Europe and Central Asia,38.963745,35.243322,GD,Grenada,country,Latin America and the Caribbean,12.262776,-61.604171,2013,18,0,0,0,0,0,0,0,0,0,0,0,0,3,15,0,0,0,0,0,0,0,0,0
TR,Turkey,country,Europe and Central Asia,38.963745,35.243322,GU,Guam,country,East Asia and Pacific,13.444304,144.793731,2013,89,0,0,0,0,0,0,0,0,0,0,0,0,89,0,0,0,0,0,0,0,0,0,0
TR,Turkey,country,Europe and Central Asia,38.963745,35.243322,GT,Guatemala,country,Latin America and the Caribbean,15.783471,-90.230759,2013,734,331,0,165,0,0,0,0,2,0,0,0,235,1,0,0,0,0,0,0,0,0,0,0
TR,Turkey,country,Europe and Central Asia,38.963745,35.243322,GN,Guinea,country,Sub-Saharan Africa,9.945587,-9.696645,2013,59730,56829,0,22,396,3,2,4,80,0,0,0,277,986,0,262,0,834,35,0,0,0,0,0
TR,Turkey,country,Europe and Central Asia,38.963745,35.243322,GW,Guinea-Bissau,country,Sub-Saharan Africa,11.803749,-15.180413,2013,5142,4777,0,0,115,0,0,0,0,0,0,0,16,86,0,119,0,29,0,0,0,0,0,0
TR,Turkey,country,Europe and Central Asia,38.963745,35.243322,GY,Guyana,country,Latin America and the Caribbean,4.860416,-58.93018,2013,589,411,0,2,0,0,0,0,0,0,0,0,38,39,0,99,0,0,0,0,0,0,0,0
TR,Turkey,country,Europe and Central Asia,38.963745,35.243322,HT,Haiti,country,Latin America and the Caribbean,18.971187,-72.285215,2013,17484,16855,0,47,0,0,0,0,9,0,0,0,78,178,147,170,0,0,0,0,0,0,0,0
TR,Turkey,country,Europe and Central Asia,38.963745,35.243322,HN,Honduras,country,Latin America and the Caribbean,15.199999,-86.241905,2013,21656,2915,910,1272,78,699,221,4585,2981,6,14,19,929,1269,1373,965,0,1400,2020,0,0,0,0,0
TR,Turkey,country,Europe and Central Asia,38.963745,35.243322,HU,Hungary,country,Europe and Central Asia,47.162494,19.503304,2013,15077,1053,777,621,94,186,1250,1557,8519,243,25,0,251,265,75,161,14,0,0,0,0,0,0,0
TR,Turkey,country,Europe and Central Asia,38.963745,35.243322,IS,Iceland,country,Europe and Central Asia,64.963051,-19.020835,2013,89,3,0,0,0,0,0,0,1,0,0,0,0,0,0,85,0,0,0,0,0,0,0,0
TR,Turkey,country,Europe and Central Asia,38.963745,35.243322,IN,India,country,South Asia,20.593684,78.96288,2013,26452,1577,0,960,125,124,12953,12,1133,2833,399,1,2573,1427,195,0,0,0,2140,0,0,0,0,0
TR,Turkey,country,Europe and Central Asia,38.963745,35.243322,ID,Indonesia,country,East Asia and Pacific,-0.789275,113.921327,2013,102010,93363,0,291,15,103,13,11,319,104,18,0,26,7431,283,28,0,0,0,5,0,0,0,0
TR,Turkey,country,Europe and Central Asia,38.963745,35.243322,IR,Iran,country,Middle East and North Africa,32.427908,53.688046,2013,71916,11496,140,3000,837,611,1052,37,401,9,6,751,12935,16730,18394,71,0,4475,912,0,59,0,0,0
TR,Turkey,country,Europe and Central Asia,38.963745,35.243322,IQ,Iraq,country,Middle East and North Africa,33.223191,43.679291,2013,3384959,1302296,128486,29329,68537,10386,16949,200680,389620,261,311,270617,42635,74879,269371,77819,1670,220100,282656,0,27,0,0,0
TR,Turkey,country,Europe and Central Asia,38.963745,35.243322,IE,Ireland,country,Europe and Central Asia,53.41291,-8.24389,2013,5789,71,0,25,71,51,6,913,3931,0,0,0,0,174,0,547,6,0,0,0,0,0,0,0
TR,Turkey,country,Europe and Central Asia,38.963745,35.243322,IL,Israel,country,Middle East and North Africa,31.046051,34.851612,2013,221162,125541,0,7519,3300,2347,620,2157,4115,258,714,111,9059,8234,30106,19123,0,0,7958,0,0,0,0,0
TR,Turkey,country,Europe and Central Asia,38.963745,35.243322,IT,Italy,country,Europe and Central Asia,41.87194,12.56738,2013,181967,21895,0,838,2770,56177,537,13938,44498,19383,520,871,3,5690,14681,38,0,116,2,10,0,0,0,0
TR,Turkey,country,Europe and Central Asia,38.963745,35.243322,JM,Jamaica,country,Latin America and the Caribbean,18.109581,-77.297508,2013,838,257,0,32,0,0,0,0,343,0,0,0,124,44,30,8,0,0,0,0,0,0,0,0
TR,Turkey,country,Europe and Central Asia,38.963745,35.243322,JP,Japan,country,East Asia and Pacific,36.204824,138.252924,2013,69640,25275,0,1049,60,805,2186,18509,6896,369,477,0,117,687,5313,1552,0,0,6345,0,0,0,0,0
TR,Turkey,country,Europe and Central Asia,38.963745,35.243322,JO,Jordan,country,Middle East and North Africa,30.585164,36.238414,2013,64591,23490,0,5333,4705,1506,111,4603,5547,5,228,5599,2806,4691,2502,524,0,1651,1290,0,0,0,0,0
TR,Turkey,country,Europe and Central Asia,38.963745,35.243322,KZ,Kazakhstan,country,Europe and Central Asia,48.019573,66.923684,2013,17702,1009,0,4208,292,249,1021,456,4385,4,20,0,3220,1905,833,43,0,0,57,0,0,0,0,0
TR,Turkey,country,Europe and Central Asia,38.963745,35.243322,KE,Kenya,country,Sub-Saharan Africa,-0.023559,37.906193,2013,23210,15043,0,61,5100,0,0,1,227,0,8,53,267,481,63,1816,0,9,81,0,0,0,0,0
TR,Turkey,country,Europe and Central Asia,38.963745,35.243322,KI,Kiribati,country,East Asia and Pacific,-3.370417,-168.734039,2013,200,200,0,0,0,0,0,0,0,0,0,0,0,0,0,0,0,0,0,0,0,0,0,0
TR,Turkey,country,Europe and Central Asia,38.963745,35.243322,KW,Kuwait,country,Middle East and North Africa,29.31166,47.481766,2013,37580,5101,636,1290,5143,265,301,2403,6930,9,31,27,1423,2243,1568,5144,0,835,4231,0,0,0,0,0
TR,Turkey,country,Europe and Central Asia,38.963745,35.243322,KG,Kyrgyz Rep.,country,Europe and Central Asia,41.20438,74.766098,2013,7186,300,5,2961,205,80,31,62,791,18,8,20,793,1359,130,57,0,289,77,0,0,0,0,0
TR,Turkey,country,Europe and Central Asia,38.963745,35.243322,LA,Lao PDR,country,East Asia and Pacific,19.85627,102.495496,2013,4145,0,0,0,0,170,0,0,0,0,0,0,0,0,99,0,0,3876,0,0,0,0,0,0
TR,Turkey,country,Europe and Central Asia,38.963745,35.243322,LV,Latvia,country,Europe and Central Asia,56.879635,24.603189,2013,8616,81,0,58,35,295,0,1518,6409,72,66,25,39,17,0,1,0,0,0,0,0,0,0,0
TR,Turkey,country,Europe and Central Asia,38.963745,35.243322,LB,Lebanon,country,Middle East and North Africa,33.854721,35.862285,2013,121243,63212,6,4645,2621,3169,3,2111,887,742,87,1148,4171,10292,21824,5506,0,110,709,0,0,0,0,0
TR,Turkey,country,Europe and Central Asia,38.963745,35.243322,LR,Liberia,country,Sub-Saharan Africa,6.428055,-9.429499,2013,15522,12466,0,76,0,0,0,0,176,0,0,0,64,164,1,270,0,2248,57,0,0,0,0,0
TR,Turkey,country,Europe and Central Asia,38.963745,35.243322,LY,Libya,country,Middle East and North Africa,26.3351,17.228331,2013,153333,76945,478,3724,797,7362,537,4483,2035,19,8,1016,9758,8937,8822,15224,0,10414,2774,0,0,0,0,0
TR,Turkey,country,Europe and Central Asia,38.963745,35.243322,LT,Lithuania,country,Europe and Central Asia,55.169438,23.881275,2013,12241,625,0,1242,0,1054,38,1433,5752,48,86,0,407,1533,0,23,0,0,0,0,0,0,0,0
TR,Turkey,country,Europe and Central Asia,38.963745,35.243322,LU,Luxembourg,country,Europe and Central Asia,49.815273,6.129583,2013,39,1,0,0,0,0,0,0,0,0,0,0,0,38,0,0,0,0,0,0,0,0,0,0
TR,Turkey,country,Europe and Central Asia,38.963745,35.243322,MG,Madagascar,country,Sub-Saharan Africa,-18.766947,46.869107,2013,51347,50030,0,17,45,0,0,0,0,0,0,0,15,455,785,0,0,0,0,0,0,0,0,0
TR,Turkey,country,Europe and Central Asia,38.963745,35.243322,MW,Malawi,country,Sub-Saharan Africa,-13.254308,34.301525,2013,1750,864,0,0,0,0,0,0,0,0,0,0,39,332,515,0,0,0,0,0,0,0,0,0
TR,Turkey,country,Europe and Central Asia,38.963745,35.243322,MY,Malaysia,country,East Asia and Pacific,4.210484,101.975766,2013,26332,11554,0,63,3555,313,311,1327,5559,0,39,0,115,1039,943,1458,0,8,48,0,0,0,0,0
TR,Turkey,country,Europe and Central Asia,38.963745,35.243322,MV,Maldives,country,South Asia,3.202778,73.22068,2013,1102,809,0,23,0,0,0,2,18,0,0,0,16,21,122,77,0,0,14,0,0,0,0,0
TR,Turkey,country,Europe and Central Asia,38.963745,35.243322,ML,Mali,country,Sub-Saharan Africa,17.570692,-3.996166,2013,3535,2166,0,16,0,0,0,0,20,0,228,0,175,856,23,51,0,0,0,0,0,0,0,0
TR,Turkey,country,Europe and Central Asia,38.963745,35.243322,MT,Malta,country,Middle East and North Africa,35.937496,14.375416,2013,4396,527,0,9,83,13,14,49,265,1,4,0,3,54,69,3305,0,0,0,0,0,0,0,0
TR,Turkey,country,Europe and Central Asia,38.963745,35.243322,MH,Marshall Islands,country,East Asia and Pacific,7.131474,171.184478,2013,297,297,0,0,0,0,0,0,0,0,0,0,0,0,0,0,0,0,0,0,0,0,0,0
TR,Turkey,country,Europe and Central Asia,38.963745,35.243322,MR,Mauritania,country,Sub-Saharan Africa,21.00789,-10.940835,2013,17792,10675,0,2473,1,0,0,0,86,0,0,0,516,2757,680,67,0,28,509,0,0,0,0,0
TR,Turkey,country,Europe and Central Asia,38.963745,35.243322,MU,Mauritius,country,Sub-Saharan Africa,-20.348404,57.552152,2013,8006,7007,0,81,0,0,0,0,55,0,0,0,108,175,63,52,0,465,0,0,0,0,0,0
TR,Turkey,country,Europe and Central Asia,38.963745,35.243322,YT,Mayotte,country,,-12.8275,45.166244,2013,249,80,0,1,0,0,0,0,65,0,0,0,2,28,0,73,0,0,0,0,0,0,0,0
TR,Turkey,country,Europe and Central Asia,38.963745,35.243322,MX,Mexico,country,Latin America and the Caribbean,23.634501,-102.552784,2013,1909,128,0,16,0,295,0,12,325,0,127,0,139,840,27,0,0,0,0,0,0,0,0,0
TR,Turkey,country,Europe and Central Asia,38.963745,35.243322,FM,Micronesia,country,East Asia and Pacific,7.425554,150.550812,2013,25,25,0,0,0,0,0,0,0,0,0,0,0,0,0,0,0,0,0,0,0,0,0,0
TR,Turkey,country,Europe and Central Asia,38.963745,35.243322,MN,Mongolia,country,East Asia and Pacific,46.862496,103.846656,2013,2604,798,0,899,4,1,1,39,151,7,0,0,460,124,9,111,0,0,0,0,0,0,0,0
TR,Turkey,country,Europe and Central Asia,38.963745,35.243322,MA,Morocco,country,Middle East and North Africa,31.791702,-7.09262,2013,12195,3453,11,3417,0,30,0,231,307,10,46,11,867,1096,2111,360,0,0,245,0,0,0,0,0
TR,Turkey,country,Europe and Central Asia,38.963745,35.243322,MZ,Mozambique,country,Sub-Saharan Africa,-18.665695,35.529562,2013,3507,2483,0,5,0,0,0,8,33,0,0,0,52,527,19,319,0,61,0,0,0,0,0,0
TR,Turkey,country,Europe and Central Asia,38.963745,35.243322,MM,Myanmar,country,East Asia and Pacific,21.913965,95.956223,2013,3737,55,0,4,0,0,1,1,17,0,0,0,1,11,925,1,0,0,2721,0,0,0,0,0
TR,Turkey,country,Europe and Central Asia,38.963745,35.243322,NA,Namibia,country,Sub-Saharan Africa,-22.95764,18.49041,2013,951,895,0,7,0,0,0,0,0,0,0,0,9,14,0,0,0,26,0,0,0,0,0,0
TR,Turkey,country,Europe and Central Asia,38.963745,35.243322,NP,Nepal,country,South Asia,28.394857,84.124008,2013,771,220,0,18,0,0,0,56,3,0,0,0,64,166,135,10,0,0,99,0,0,0,0,0
TR,Turkey,country,Europe and Central Asia,38.963745,35.243322,NL,Netherlands,country,Europe and Central Asia,52.132633,5.291266,2013,165906,14454,2,1145,2926,7719,3710,41572,61179,4697,1016,103,1074,14209,1649,10447,3,0,4,0,0,0,0,0
TR,Turkey,country,Europe and Central Asia,38.963745,35.243322,NZ,New Zealand,country,East Asia and Pacific,-40.900557,174.885971,2013,7354,443,0,212,117,387,34,1418,4493,0,5,11,58,61,54,61,0,0,0,0,0,0,0,0
TR,Turkey,country,Europe and Central Asia,38.963745,35.243322,NI,Nicaragua,country,Latin America and the Caribbean,12.865416,-85.207229,2013,44,0,0,1,0,0,0,0,0,0,0,0,43,0,0,0,0,0,0,0,0,0,0,0
TR,Turkey,country,Europe and Central Asia,38.963745,35.243322,NE,Niger,country,Sub-Saharan Africa,17.607789,8.081666,2013,38536,33229,0,3118,1,0,0,3,52,0,0,0,658,1176,22,246,0,28,3,0,0,0,0,0
TR,Turkey,country,Europe and Central Asia,38.963745,35.243322,NG,Nigeria,country,Sub-Saharan Africa,9.081999,8.675277,2013,9146,4311,0,1333,0,0,0,2,116,5,16,0,1132,1550,26,635,0,16,4,0,0,0,0,0
TR,Turkey,country,Europe and Central Asia,38.963745,35.243322,NO,Norway,country,Europe and Central Asia,60.472024,8.468946,2013,12385,1978,0,60,98,1143,163,2177,3874,0,13,0,18,1107,1703,51,2,0,0,0,0,0,0,0
TR,Turkey,country,Europe and Central Asia,38.963745,35.243322,PS,Palestine,country,Middle East and North Africa,31.952162,35.233154,2013,54800,46312,0,466,183,70,0,2,107,0,27,31,2072,467,4750,213,0,0,100,0,0,0,0,0
TR,Turkey,country,Europe and Central Asia,38.963745,35.243322,OM,Oman,country,Middle East and North Africa,21.512583,55.923255,2013,16086,1270,0,507,3,14,55,5012,1232,0,5,0,707,480,860,4677,0,849,415,0,0,0,0,0
TR,Turkey,country,Europe and Central Asia,38.963745,35.243322,PK,Pakistan,country,South Asia,30.375321,69.345116,2013,8793,835,0,71,1919,1,0,18,683,81,0,171,86,581,1525,50,0,0,2769,3,0,0,0,0
TR,Turkey,country,Europe and Central Asia,38.963745,35.243322,PA,Panama,country,Latin America and the Caribbean,8.537981,-80.782127,2013,2735,1587,0,33,0,0,3,5,4,0,0,0,542,7,358,196,0,0,0,0,0,0,0,0
TR,Turkey,country,Europe and Central Asia,38.963745,35.243322,PG,Papua New Guinea,country,East Asia and Pacific,-6.314993,143.95555,2013,484,7,0,2,0,0,0,0,10,0,0,0,27,391,37,10,0,0,0,0,0,0,0,0
TR,Turkey,country,Europe and Central Asia,38.963745,35.243322,PY,Paraguay,country,Latin America and the Caribbean,-23.442503,-58.443832,2013,100,0,0,7,0,0,0,0,0,0,21,0,9,23,0,40,0,0,0,0,0,0,0,0
TR,Turkey,country,Europe and Central Asia,38.963745,35.243322,PE,Peru,country,Latin America and the Caribbean,-9.189967,-75.015152,2013,252,0,0,33,0,0,0,0,86,0,49,0,3,81,0,0,0,0,0,0,0,0,0,0
TR,Turkey,country,Europe and Central Asia,38.963745,35.243322,PH,Philippines,country,East Asia and Pacific,12.879721,121.774017,2013,162161,155603,0,98,0,8,2,117,560,0,123,0,42,965,361,391,0,0,3891,0,0,0,0,0
TR,Turkey,country,Europe and Central Asia,38.963745,35.243322,PL,Poland,country,Europe and Central Asia,51.919438,19.145136,2013,72084,3277,0,1638,234,8700,787,11614,34985,7016,832,163,568,2193,0,75,0,0,2,0,0,0,0,0
TR,Turkey,country,Europe and Central Asia,38.963745,35.243322,PT,Portugal,country,Europe and Central Asia,39.399872,-8.224454,2013,10286,5622,0,5,0,66,0,1,904,832,55,24,62,912,1803,0,0,0,0,0,0,0,0,0
TR,Turkey,country,Europe and Central Asia,38.963745,35.243322,QA,Qatar,country,Middle East and North Africa,25.354826,51.183884,2013,14764,1630,370,617,328,14,37,367,1616,2,7,28,1208,741,1310,3415,0,1482,1592,0,0,0,0,0
TR,Turkey,country,Europe and Central Asia,38.963745,35.243322,KR,"Korea, Rep.",country,East Asia and Pacific,35.907757,127.766922,2013,65270,56390,0,614,0,729,0,1650,851,109,171,63,233,1392,983,299,0,71,1715,0,0,0,0,0
TR,Turkey,country,Europe and Central Asia,38.963745,35.243322,MD,Moldova,country,Europe and Central Asia,47.411631,28.369885,2013,52922,1004,22,1050,0,38,69,26789,22767,406,0,0,254,378,35,110,0,0,0,0,0,0,0,0
TR,Turkey,country,Europe and Central Asia,38.963745,35.243322,RO,Romania,country,Europe and Central Asia,45.943161,24.96676,2013,133833,10404,846,6360,134,1041,14495,28142,58337,220,112,185,3675,3363,2280,4234,0,0,0,5,0,0,0,0
TR,Turkey,country,Europe and Central Asia,38.963745,35.243322,RU,Russian Federation,country,Europe and Central Asia,61.52401,105.318756,2013,1171192,4200,330,7035,1734,7781,15669,417403,693787,4459,547,200,2603,13583,477,615,0,747,6,16,0,0,0,0
TR,Turkey,country,Europe and Central Asia,38.963745,35.243322,RW,Rwanda,country,Sub-Saharan Africa,-1.940278,29.873888,2013,2210,1033,0,0,0,0,0,0,0,0,0,0,11,1166,0,0,0,0,0,0,0,0,0,0
TR,Turkey,country,Europe and Central Asia,38.963745,35.243322,LC,St. Lucia,country,Latin America and the Caribbean,13.909444,-60.978893,2013,28,28,0,0,0,0,0,0,0,0,0,0,0,0,0,0,0,0,0,0,0,0,0,0
TR,Turkey,country,Europe and Central Asia,38.963745,35.243322,VC,St. Vincent & Grenadines,country,Latin America and the Caribbean,12.984305,-61.287228,2013,54,0,0,0,0,0,0,0,0,0,0,0,0,6,48,0,0,0,0,0,0,0,0,0
TR,Turkey,country,Europe and Central Asia,38.963745,35.243322,WS,Samoa,country,East Asia and Pacific,-13.759029,-172.104629,2013,1309,1295,0,0,0,0,0,1,9,0,0,0,0,0,0,4,0,0,0,0,0,0,0,0
TR,Turkey,country,Europe and Central Asia,38.963745,35.243322,ST,Sao Tome and Principe,country,Sub-Saharan Africa,0.18636,6.613081,2013,126,31,0,0,0,0,0,0,17,0,0,0,5,58,0,15,0,0,0,0,0,0,0,0
TR,Turkey,country,Europe and Central Asia,38.963745,35.243322,SA,Saudi Arabia,country,Middle East and North Africa,23.885942,45.079162,2013,252937,50495,163,6524,11408,2025,650,39458,83900,649,317,374,8513,18034,8539,4600,0,1012,16276,0,0,0,0,0
TR,Turkey,country,Europe and Central Asia,38.963745,35.243322,SN,Senegal,country,Sub-Saharan Africa,14.497401,-14.452362,2013,13586,7269,0,2039,391,0,0,11,36,13,95,112,267,2448,643,195,0,2,65,0,0,0,0,0
TR,Turkey,country,Europe and Central Asia,38.963745,35.243322,SC,Seychelles,country,Sub-Saharan Africa,-4.679574,55.491977,2013,1361,152,0,43,360,0,0,0,65,0,0,0,1,9,477,158,0,24,72,0,0,0,0,0
TR,Turkey,country,Europe and Central Asia,38.963745,35.243322,SL,Sierra Leone,country,Sub-Saharan Africa,8.460555,-11.779889,2013,35645,29446,0,82,3105,0,0,0,0,0,0,0,33,162,8,1780,0,970,59,0,0,0,0,0
TR,Turkey,country,Europe and Central Asia,38.963745,35.243322,SG,Singapore,country,East Asia and Pacific,1.352083,103.819836,2013,19780,10479,0,123,15,67,27,287,4344,0,777,0,595,262,1740,734,0,63,267,0,0,0,0,0
TR,Turkey,country,Europe and Central Asia,38.963745,35.243322,SK,Slovak Rep.,country,Europe and Central Asia,48.669026,19.699024,2013,10018,1113,0,459,109,554,4,752,6630,0,33,0,317,17,10,20,0,0,0,0,0,0,0,0
TR,Turkey,country,Europe and Central Asia,38.963745,35.243322,SI,Slovenia,country,Europe and Central Asia,46.151241,14.995463,2013,4436,22,0,0,6,19,1711,259,2383,0,0,0,4,32,0,0,0,0,0,0,0,0,0,0
TR,Turkey,country,Europe and Central Asia,38.963745,35.243322,SO,Somalia,country,Sub-Saharan Africa,5.152149,46.199616,2013,40374,29445,0,10012,3,0,1,1,0,0,0,0,103,379,255,69,0,1,105,0,0,0,0,0
TR,Turkey,country,Europe and Central Asia,38.963745,35.243322,ZA,S. Africa,country,Sub-Saharan Africa,-30.559482,22.937506,2013,14052,5127,0,2435,2020,679,71,102,706,0,380,0,1763,263,23,463,0,0,20,0,0,0,0,0
TR,Turkey,country,Europe and Central Asia,38.963745,35.243322,ES,Spain,country,Europe and Central Asia,40.463667,-3.74922,2013,217529,148396,17,443,446,7104,1395,5976,11628,13380,620,56,151,6713,20971,233,0,0,0,0,0,0,0,0
TR,Turkey,country,Europe and Central Asia,38.963745,35.243322,LK,Sri Lanka,country,South Asia,7.873054,80.771797,2013,2521,122,0,145,989,0,0,3,69,0,0,0,14,968,155,56,0,0,0,0,0,0,0,0
TR,Turkey,country,Europe and Central Asia,38.963745,35.243322,SR,Suriname,country,Latin America and the Caribbean,3.919305,-56.027783,2013,386,263,0,2,0,0,3,0,0,0,0,0,20,98,0,0,0,0,0,0,0,0,0,0
TR,Turkey,country,Europe and Central Asia,38.963745,35.243322,SZ,Swaziland,country,Sub-Saharan Africa,-26.522503,31.465866,2013,11,0,0,11,0,0,0,0,0,0,0,0,0,0,0,0,0,0,0,0,0,0,0,0
TR,Turkey,country,Europe and Central Asia,38.963745,35.243322,SE,Sweden,country,Europe and Central Asia,60.128161,18.643501,2013,31933,3176,0,767,1115,2119,666,7835,8044,790,44,0,303,3708,2178,1188,1,0,0,0,0,0,0,0
TR,Turkey,country,Europe and Central Asia,38.963745,35.243322,CH,Switzerland,country,Europe and Central Asia,46.818188,8.227512,2013,32860,1038,0,165,408,9621,213,9949,7388,256,138,481,165,1247,44,1732,1,15,0,0,0,0,0,0
TR,Turkey,country,Europe and Central Asia,38.963745,35.243322,SY,Syrian Arab Rep.,country,Middle East and North Africa,34.802075,38.996815,2013,709508,275391,133507,42727,5387,870,1148,27796,31094,0,185,3353,7822,11429,108261,27896,18125,23822,8667,0,153,0,0,0
TR,Turkey,country,Europe and Central Asia,38.963745,35.243322,TJ,Tajikistan,country,Europe and Central Asia,38.861034,71.276093,2013,24604,641,0,1618,4,244,4,33,98,12,24,0,3395,463,876,103,0,16992,97,0,0,0,0,0
TR,Turkey,country,Europe and Central Asia,38.963745,35.243322,TH,Thailand,country,East Asia and Pacific,15.870032,100.992541,2013,44174,34342,0,393,1097,387,0,1,136,164,49,0,30,473,5242,35,0,1600,225,0,0,0,0,0
TR,Turkey,country,Europe and Central Asia,38.963745,35.243322,MK,Macedonia,country,Europe and Central Asia,41.608635,21.745275,2013,28368,4063,6005,2283,26,723,443,695,11281,545,7,8,866,311,147,464,0,0,501,0,0,0,0,0
TR,Turkey,country,Europe and Central Asia,38.963745,35.243322,TL,Timor-Leste,country,East Asia and Pacific,-8.874217,125.727539,2013,95,48,0,0,0,0,0,1,29,0,0,0,0,0,0,17,0,0,0,0,0,0,0,0
TR,Turkey,country,Europe and Central Asia,38.963745,35.243322,TG,Togo,country,Sub-Saharan Africa,8.619543,0.824782,2013,38248,35656,0,172,506,0,0,0,0,0,0,12,39,219,96,465,0,1083,0,0,0,0,0,0
TR,Turkey,country,Europe and Central Asia,38.963745,35.243322,TO,Tonga,country,East Asia and Pacific,-21.178986,-175.198242,2013,629,598,0,0,0,0,0,0,8,0,0,0,0,0,0,23,0,0,0,0,0,0,0,0
TR,Turkey,country,Europe and Central Asia,38.963745,35.243322,TT,Trinidad and Tobago,country,Latin America and the Caribbean,10.691803,-61.222503,2013,2756,1775,0,19,0,0,0,19,421,0,0,0,69,14,5,434,0,0,0,0,0,0,0,0
TR,Turkey,country,Europe and Central Asia,38.963745,35.243322,TN,Tunisia,country,Middle East and North Africa,33.886917,9.537499,2013,49291,29114,2576,2873,98,3398,3927,189,140,445,0,0,1285,2450,29,70,0,87,2610,0,0,0,0,0
TR,Turkey,country,Europe and Central Asia,38.963745,35.243322,TM,Turkmenistan,country,Europe and Central Asia,38.969719,59.556278,2013,52831,6649,135,1871,599,1343,449,942,7734,19,49,3284,3194,10419,4868,9612,104,500,1164,0,0,0,0,0
TR,Turkey,country,Europe and Central Asia,38.963745,35.243322,TV,Tuvalu,country,East Asia and Pacific,-7.109535,177.64933,2013,25,25,0,0,0,0,0,0,0,0,0,0,0,0,0,0,0,0,0,0,0,0,0,0
TR,Turkey,country,Europe and Central Asia,38.963745,35.243322,UG,Uganda,country,Sub-Saharan Africa,1.373333,32.290275,2013,4945,3783,0,25,4,0,0,3,9,0,0,0,183,470,23,445,0,0,0,0,0,0,0,0
TR,Turkey,country,Europe and Central Asia,38.963745,35.243322,UA,Ukraine,country,Europe and Central Asia,48.379433,31.16558,2013,363098,6153,0,1776,269,5981,2781,56670,283413,1699,123,0,472,3048,373,335,0,0,0,5,0,0,0,0
TR,Turkey,country,Europe and Central Asia,38.963745,35.243322,AE,United Arab Emirates,country,Middle East and North Africa,23.424076,53.847818,2013,279052,72064,1067,3318,786,1124,434,2737,22497,1,382,107812,7117,10232,4841,38131,0,2094,4415,0,0,0,0,0
TR,Turkey,country,Europe and Central Asia,38.963745,35.243322,GB,United Kingdom,country,Europe and Central Asia,55.378051,-3.435973,2013,269908,8164,1034,9050,10280,5586,1357,31657,113045,7857,280,22,1130,6031,585,73830,8,0,0,0,0,0,0,0
TR,Turkey,country,Europe and Central Asia,38.963745,35.243322,TZ,Tanzania,country,Sub-Saharan Africa,-6.369028,34.888822,2013,25590,20723,0,216,0,0,0,0,18,0,0,0,146,3778,648,61,0,0,0,0,0,0,0,0
TR,Turkey,country,Europe and Central Asia,38.963745,35.243322,US,USA,country,North America,37.09024,-95.712891,2013,198224,13224,1,24875,2639,8487,9831,43126,25772,4264,7766,159,1069,22629,30721,3055,0,0,606,0,0,0,0,0
TR,Turkey,country,Europe and Central Asia,38.963745,35.243322,UY,Uruguay,country,Latin America and the Caribbean,-32.522779,-55.765835,2013,548,130,0,33,0,6,0,6,47,72,0,0,25,10,0,219,0,0,0,0,0,0,0,0
TR,Turkey,country,Europe and Central Asia,38.963745,35.243322,UZ,Uzbekistan,country,Europe and Central Asia,41.377491,64.585262,2013,11806,334,36,1986,64,27,9,56,2356,18,3,105,1579,850,2350,14,0,1071,948,0,0,0,0,0
TR,Turkey,country,Europe and Central Asia,38.963745,35.243322,VU,Vanuatu,country,East Asia and Pacific,-15.376706,166.959158,2013,100,100,0,0,0,0,0,0,0,0,0,0,0,0,0,0,0,0,0,0,0,0,0,0
TR,Turkey,country,Europe and Central Asia,38.963745,35.243322,VE,Venezuela,country,Latin America and the Caribbean,6.42375,-66.58973,2013,11656,10563,0,0,0,62,0,414,60,0,165,0,375,17,0,0,0,0,0,0,0,0,0,0
TR,Turkey,country,Europe and Central Asia,38.963745,35.243322,VN,Vietnam,country,East Asia and Pacific,14.058324,108.277199,2013,13703,394,0,1703,0,866,0,3,1490,711,5546,0,191,709,11,0,0,1336,743,0,0,0,0,0
TR,Turkey,country,Europe and Central Asia,38.963745,35.243322,YE,Yemen,country,Middle East and North Africa,15.552727,48.516388,2013,87215,66730,0,791,2742,14,0,21,47,5,3,0,7842,2329,4650,1372,0,43,626,0,0,0,0,0
TR,Turkey,country,Europe and Central Asia,38.963745,35.243322,ZM,Zambia,country,Sub-Saharan Africa,-13.133897,27.849332,2013,179,129,0,29,0,0,0,0,0,0,0,0,1,0,1,0,0,0,19,0,0,0,0,0
TR,Turkey,country,Europe and Central Asia,38.963745,35.243322,ZW,Zimbabwe,country,Sub-Saharan Africa,-19.015438,29.154857,2013,2563,2544,0,0,0,0,0,0,0,19,0,0,0,0,0,0,0,0,0,0,0,0,0,0
